entity_type,entity_id,entity_name,season,mu,sigma
driver,1,,0,0.5879501700401306,0.07712776958942413
driver,2,,0,-0.38586196303367615,0.3938772678375244
driver,3,,0,0.21919885277748108,0.10253982990980148
driver,4,,0,1.0511491298675537,0.08704417943954468
driver,5,,0,-0.3948500156402588,0.17591628432273865
driver,8,,0,0.7471055388450623,0.08530696481466293
driver,9,,0,-0.2962675392627716,0.2601742744445801
driver,10,,0,-0.5740169286727905,0.18345318734645844
driver,13,,0,0.27733883261680603,0.10506180673837662
driver,15,,0,-0.44912490248680115,0.2722935974597931
driver,16,,0,-0.057936251163482666,0.16843032836914062
driver,17,,0,0.5512496829032898,0.16238215565681458
driver,18,,0,1.3542470932006836,0.11778149008750916
driver,20,,0,1.9986631870269775,0.08770399540662766
driver,22,,0,-0.17089451849460602,0.25931161642074585
driver,24,,0,-0.8688026070594788,0.2866387963294983
driver,30,,0,-0.5351614356040955,0.20987173914909363
driver,37,,0,-0.06149733066558838,0.23616404831409454
driver,39,,0,-0.8008352518081665,0.2336089313030243
driver,67,,0,-0.29926425218582153,0.276070773601532
driver,153,,0,-0.40089449286460876,0.24215537309646606
driver,154,,0,-0.2833344340324402,0.10810855776071548
driver,155,,0,0.12027686089277267,0.16034074127674103
driver,807,,0,0.15490180253982544,0.08838162571191788
driver,808,,0,0.019861601293087006,0.1836279332637787
driver,811,,0,-0.273978590965271,0.21706350147724152
driver,812,,0,-0.7275647521018982,0.7017703056335449
driver,813,,0,-0.4520105719566345,0.1336442083120346
driver,814,,0,-0.025922134518623352,0.14324286580085754
driver,815,,0,-0.04670598730444908,0.07100310176610947
driver,816,,0,-0.7495710849761963,0.25313320755958557
driver,817,,0,-0.24473829567432404,0.07652580738067627
driver,818,,0,-0.14935648441314697,0.16798177361488342
driver,819,,0,-0.15647439658641815,0.20278075337409973
driver,820,,0,-0.513913094997406,0.20584465563297272
driver,821,,0,-0.10092682391405106,0.16624704003334045
driver,822,,0,0.07740049809217453,0.08326810598373413
driver,823,,0,-0.35356491804122925,0.25004199147224426
driver,824,,0,-0.41604340076446533,0.18701380491256714
driver,825,,0,0.24027325212955475,0.12311135232448578
driver,826,,0,0.11375291645526886,0.11373192816972733
driver,827,,0,-0.12557286024093628,0.9630796313285828
driver,828,,0,-0.07681941241025925,0.11222787201404572
driver,829,,0,-0.2489490956068039,0.32593339681625366
driver,830,,0,0.3665570318698883,0.08961808681488037
driver,831,,0,0.3126400411128998,0.20931142568588257
driver,832,,0,0.4680999219417572,0.08744901418685913
driver,833,,0,0.09019812196493149,0.31398990750312805
driver,834,,0,0.2288687378168106,0.4708263576030731
driver,835,,0,-0.11429537832736969,0.20735640823841095
driver,836,,0,-0.10474546253681183,0.21347033977508545
driver,837,,0,-0.5623732209205627,0.4168499708175659
driver,838,,0,0.05999869108200073,0.1768427938222885
driver,839,,0,0.12585659325122833,0.09844055771827698
driver,840,,0,-0.10868637263774872,0.0949460119009018
driver,841,,0,0.05525065213441849,0.1484416127204895
driver,842,,0,0.13980427384376526,0.0887141302227974
driver,843,,0,-0.228581964969635,0.271904855966568
driver,844,,0,0.16471585631370544,0.12700167298316956
driver,845,,0,-0.243125319480896,0.23343577980995178
driver,846,,0,0.2549627423286438,0.10223411023616791
driver,847,,0,-0.08323116600513458,0.12483080476522446
driver,848,,0,0.28005510568618774,0.11288372427225113
driver,849,,0,-0.22413787245750427,0.15561437606811523
driver,850,,0,-0.5660206079483032,0.5793366432189941
driver,851,,0,0.07490747421979904,0.7510018944740295
driver,852,,0,-0.03733682632446289,0.12910020351409912
driver,853,,0,-0.16041263937950134,0.31068894267082214
driver,854,,0,0.0428587906062603,0.22087329626083374
driver,855,,0,-0.052423473447561264,0.13277345895767212
driver,856,,0,-0.26026245951652527,0.3590271770954132
driver,857,,0,0.30763009190559387,0.17638999223709106
driver,858,,0,-0.2045460343360901,0.24932178854942322
driver,859,,0,0.1582733690738678,0.2913874387741089
driver,860,,0,0.20093651115894318,0.6029408574104309
driver,861,,0,0.208997443318367,0.415616512298584
driver,862,,0,-0.16240115463733673,0.7591455578804016
driver,1,,1,0.6774763464927673,0.08452901244163513
driver,2,,1,-0.3463311493396759,0.317229300737381
driver,3,,1,0.16613979637622833,0.11168662458658218
driver,4,,1,0.9216009378433228,0.07947488129138947
driver,5,,1,-0.21626988053321838,0.1870817244052887
driver,8,,1,0.810977578163147,0.07947775721549988
driver,9,,1,-0.2936592102050781,0.17345763742923737
driver,10,,1,-0.39575207233428955,0.2003144919872284
driver,13,,1,0.2715495526790619,0.08910556882619858
driver,15,,1,-0.4435763359069824,0.2992810904979706
driver,16,,1,-0.24083033204078674,0.15682381391525269
driver,17,,1,0.1959836184978485,0.1627194881439209
driver,18,,1,0.828654408454895,0.11339451372623444
driver,20,,1,1.5609698295593262,0.07289434969425201
driver,22,,1,-0.13428376615047455,0.31305837631225586
driver,24,,1,-0.8279650211334229,0.2820681929588318
driver,30,,1,-0.5813940167427063,0.20581503212451935
driver,37,,1,-0.12326158583164215,0.18523664772510529
driver,39,,1,-0.6243120431900024,0.22487735748291016
driver,67,,1,-0.28642114996910095,0.3317091763019562
driver,153,,1,-0.3897704482078552,0.28136682510375977
driver,154,,1,-0.34101131558418274,0.09191707521677017
driver,155,,1,0.3181898593902588,0.178758442401886
driver,807,,1,0.17336851358413696,0.07538308203220367
driver,808,,1,0.06655865162611008,0.2050311118364334
driver,811,,1,-0.3011889159679413,0.18953171372413635
driver,812,,1,-0.7027426958084106,0.3303852677345276
driver,813,,1,-0.24906452000141144,0.13438823819160461
driver,814,,1,0.03433423116803169,0.1497488170862198
driver,815,,1,0.1031327098608017,0.08080029487609863
driver,816,,1,-0.6444386839866638,0.3069687485694885
driver,817,,1,0.07265190780162811,0.08505941182374954
driver,818,,1,-0.16826167702674866,0.14086654782295227
driver,819,,1,-0.14906910061836243,0.17210525274276733
driver,820,,1,-0.5364787578582764,0.16384638845920563
driver,821,,1,-0.1017426997423172,0.13738803565502167
driver,822,,1,0.06874648481607437,0.078066885471344
driver,823,,1,-0.41346636414527893,0.1799028515815735
driver,824,,1,-0.4464549720287323,0.16056108474731445
driver,825,,1,0.32995694875717163,0.10316713154315948
driver,826,,1,0.12492695450782776,0.11271993815898895
driver,827,,1,-0.11081235855817795,0.29009631276130676
driver,828,,1,-0.10730249434709549,0.10859284549951553
driver,829,,1,-0.2833046615123749,0.22578436136245728
driver,830,,1,0.41797035932540894,0.08546114712953568
driver,831,,1,0.3552396595478058,0.14781659841537476
driver,832,,1,0.5486252903938293,0.07282719016075134
driver,833,,1,0.1309502124786377,0.2218358814716339
driver,834,,1,0.2791987955570221,0.2627183496952057
driver,835,,1,-0.09311983734369278,0.16001027822494507
driver,836,,1,-0.0755583792924881,0.18033689260482788
driver,837,,1,-0.5975956320762634,0.23597389459609985
driver,838,,1,0.09222513437271118,0.1699710488319397
driver,839,,1,0.1475481241941452,0.08906424045562744
driver,840,,1,-0.12968091666698456,0.09105898439884186
driver,841,,1,0.08513741195201874,0.12787224352359772
driver,842,,1,0.1571667641401291,0.0981345847249031
driver,843,,1,-0.2551863193511963,0.19552557170391083
driver,844,,1,0.1825999915599823,0.094231978058815
driver,845,,1,-0.25036513805389404,0.208563432097435
driver,846,,1,0.29868727922439575,0.10364408046007156
driver,847,,1,-0.09820686280727386,0.11025518923997879
driver,848,,1,0.3035804033279419,0.10794079303741455
driver,849,,1,-0.27254366874694824,0.13852939009666443
driver,850,,1,-0.5911284685134888,0.284272700548172
driver,851,,1,0.10826924443244934,0.27995267510414124
driver,852,,1,-0.0519644096493721,0.13186436891555786
driver,853,,1,-0.16295786201953888,0.2297244369983673
driver,854,,1,0.05907554179430008,0.13493779301643372
driver,855,,1,-0.05802230164408684,0.14348356425762177
driver,856,,1,-0.2611338496208191,0.2088450789451599
driver,857,,1,0.3243039548397064,0.1679510474205017
driver,858,,1,-0.23512385785579681,0.18132567405700684
driver,859,,1,0.16661639511585236,0.22965610027313232
driver,860,,1,0.22952206432819366,0.25435736775398254
driver,861,,1,0.2347220778465271,0.2488315999507904
driver,862,,1,-0.12895804643630981,0.31107068061828613
driver,1,,2,0.7353503704071045,0.0809994786977768
driver,2,,2,-0.31522268056869507,0.27038800716400146
driver,3,,2,0.5353943705558777,0.12051574140787125
driver,4,,2,0.91789311170578,0.0925988107919693
driver,5,,2,-0.29616156220436096,0.2468436062335968
driver,8,,2,0.34382274746894836,0.08571936935186386
driver,9,,2,-0.3118785619735718,0.19656608998775482
driver,10,,2,-0.42356637120246887,0.31013432145118713
driver,13,,2,0.10671976208686829,0.10692838579416275
driver,15,,2,-0.43608564138412476,0.2887282073497772
driver,16,,2,-0.40565598011016846,0.14698582887649536
driver,17,,2,0.014801979064941406,0.2012493759393692
driver,18,,2,0.7587053179740906,0.1192861869931221
driver,20,,2,1.7197232246398926,0.07905898988246918
driver,22,,2,-0.15413960814476013,0.35173100233078003
driver,24,,2,-0.8013678193092346,0.3012085258960724
driver,30,,2,-0.5280084013938904,0.3061477243900299
driver,37,,2,-0.12440671771764755,0.31356826424598694
driver,39,,2,-0.5941421985626221,0.2782115936279297
driver,67,,2,-0.31242647767066956,0.26473718881607056
driver,153,,2,-0.45828574895858765,0.3086162805557251
driver,154,,2,-0.0003892183303833008,0.10681306570768356
driver,155,,2,0.2092474102973938,0.21126723289489746
driver,807,,2,0.27831220626831055,0.08186911046504974
driver,808,,2,0.037597835063934326,0.2876255512237549
driver,811,,2,-0.3479398488998413,0.32131144404411316
driver,812,,2,-0.7299734354019165,0.2927791476249695
driver,813,,2,-0.35528212785720825,0.14081533253192902
driver,814,,2,-0.10476131737232208,0.192915678024292
driver,815,,2,0.3516082465648651,0.0788068175315857
driver,816,,2,-0.6600306630134583,0.3087847828865051
driver,817,,2,0.09861965477466583,0.07886617630720139
driver,818,,2,-0.20509952306747437,0.16421127319335938
driver,819,,2,0.015724673867225647,0.22361332178115845
driver,820,,2,-0.552853524684906,0.1580638438463211
driver,821,,2,-0.10098790377378464,0.14018024504184723
driver,822,,2,0.056531697511672974,0.08072228729724884
driver,823,,2,-0.44545602798461914,0.20676454901695251
driver,824,,2,-0.4736974239349365,0.1744931936264038
driver,825,,2,0.4244970679283142,0.0791182592511177
driver,826,,2,0.14547747373580933,0.10609196126461029
driver,827,,2,-0.10698405653238297,0.31602638959884644
driver,828,,2,-0.13468098640441895,0.11131949722766876
driver,829,,2,-0.30381524562835693,0.2189040184020996
driver,830,,2,0.47046446800231934,0.0834432989358902
driver,831,,2,0.3924381136894226,0.1718030869960785
driver,832,,2,0.6232843995094299,0.07427191734313965
driver,833,,2,0.155824214220047,0.24483522772789001
driver,834,,2,0.2974551320075989,0.28226739168167114
driver,835,,2,-0.09244930744171143,0.16736769676208496
driver,836,,2,-0.04173868149518967,0.1834476888179779
driver,837,,2,-0.6227967143058777,0.27703484892845154
driver,838,,2,0.13515111804008484,0.14350807666778564
driver,839,,2,0.16936326026916504,0.09808915853500366
driver,840,,2,-0.1521238386631012,0.09496644884347916
driver,841,,2,0.12162291258573532,0.11885516345500946
driver,842,,2,0.1738104671239853,0.10063104331493378
driver,843,,2,-0.28745365142822266,0.2053055316209793
driver,844,,2,0.20647630095481873,0.09944203495979309
driver,845,,2,-0.24677321314811707,0.19477571547031403
driver,846,,2,0.3370092511177063,0.10095483809709549
driver,847,,2,-0.11978082358837128,0.1011848896741867
driver,848,,2,0.33607953786849976,0.11774647980928421
driver,849,,2,-0.3174422085285187,0.12763100862503052
driver,850,,2,-0.6071304082870483,0.2593635022640228
driver,851,,2,0.15931682288646698,0.2976427674293518
driver,852,,2,-0.06414161622524261,0.10968264937400818
driver,853,,2,-0.18474631011486053,0.22454164922237396
driver,854,,2,0.07814183831214905,0.1420687884092331
driver,855,,2,-0.06512142717838287,0.13597087562084198
driver,856,,2,-0.31121131777763367,0.23176369071006775
driver,857,,2,0.36148595809936523,0.15700244903564453
driver,858,,2,-0.2554674446582794,0.1897672861814499
driver,859,,2,0.16780152916908264,0.23112726211547852
driver,860,,2,0.314714252948761,0.2795235812664032
driver,861,,2,0.2242542803287506,0.23960448801517487
driver,862,,2,-0.15042568743228912,0.27077004313468933
driver,1,,3,0.9343241453170776,0.09414392709732056
driver,2,,3,-0.3438185751438141,0.28283143043518066
driver,3,,3,0.7216904163360596,0.1496071219444275
driver,4,,3,0.8569040298461914,0.09466791152954102
driver,5,,3,-0.2712944746017456,0.30427607893943787
driver,8,,3,0.08171069622039795,0.09019401669502258
driver,9,,3,-0.31061631441116333,0.21626707911491394
driver,10,,3,-0.41987869143486023,0.2930530905723572
driver,13,,3,0.11879709362983704,0.12420739978551865
driver,15,,3,-0.4762651026248932,0.3020536005496979
driver,16,,3,-0.6149173378944397,0.21493035554885864
driver,17,,3,0.05083352327346802,0.28401538729667664
driver,18,,3,0.8062961101531982,0.13855688273906708
driver,20,,3,1.1048896312713623,0.09029857814311981
driver,22,,3,-0.16757333278656006,0.3010227084159851
driver,24,,3,-0.8336852788925171,0.2934620976448059
driver,30,,3,-0.47932350635528564,0.30104419589042664
driver,37,,3,-0.19844695925712585,0.28726792335510254
driver,39,,3,-0.5971946716308594,0.28411105275154114
driver,67,,3,-0.3313409090042114,0.2785460650920868
driver,153,,3,-0.47670778632164,0.32434743642807007
driver,154,,3,-0.09205740690231323,0.10512326657772064
driver,155,,3,0.11659036576747894,0.21751728653907776
driver,807,,3,0.3846732974052429,0.08260244131088257
driver,808,,3,0.06090670824050903,0.31389203667640686
driver,811,,3,-0.34700897336006165,0.29281681776046753
driver,812,,3,-0.7435154914855957,0.29559069871902466
driver,813,,3,-0.5616180300712585,0.16827374696731567
driver,814,,3,-0.04653540626168251,0.31169894337654114
driver,815,,3,0.35368773341178894,0.08154306560754776
driver,816,,3,-0.6173427104949951,0.32242608070373535
driver,817,,3,0.26421594619750977,0.07749492675065994
driver,818,,3,-0.09970905631780624,0.21135690808296204
driver,819,,3,0.04142861068248749,0.33782488107681274
driver,820,,3,-0.4952452480792999,0.21101737022399902
driver,821,,3,-0.21446660161018372,0.1616297960281372
driver,822,,3,0.6718174815177917,0.08054332435131073
driver,823,,3,-0.45728763937950134,0.2790023684501648
driver,824,,3,-0.4956732988357544,0.22705155611038208
driver,825,,3,0.5171157717704773,0.12254087626934052
driver,826,,3,0.1609991192817688,0.10851111263036728
driver,827,,3,-0.15059195458889008,0.2827889919281006
driver,828,,3,-0.16048920154571533,0.11167722195386887
driver,829,,3,-0.35841014981269836,0.21949298679828644
driver,830,,3,0.5168817043304443,0.08859990537166595
driver,831,,3,0.4230152666568756,0.16022361814975739
driver,832,,3,0.7018862962722778,0.08429660648107529
driver,833,,3,0.1784113496541977,0.2264576256275177
driver,834,,3,0.30764931440353394,0.26999008655548096
driver,835,,3,-0.09025370329618454,0.16669198870658875
driver,836,,3,-0.02752290666103363,0.17934945225715637
driver,837,,3,-0.67287677526474,0.2535819709300995
driver,838,,3,0.1617344617843628,0.1621929109096527
driver,839,,3,0.1909022331237793,0.10744352638721466
driver,840,,3,-0.17179986834526062,0.09665973484516144
driver,841,,3,0.15248247981071472,0.13411268591880798
driver,842,,3,0.19469177722930908,0.08290749788284302
driver,843,,3,-0.32862427830696106,0.19085325300693512
driver,844,,3,0.2298969030380249,0.09351673722267151
driver,845,,3,-0.2603782117366791,0.19554635882377625
driver,846,,3,0.3785253167152405,0.09701718389987946
driver,847,,3,-0.1390743851661682,0.10286370664834976
driver,848,,3,0.3683989942073822,0.11592873185873032
driver,849,,3,-0.3677830100059509,0.1397857367992401
driver,850,,3,-0.6239473819732666,0.2511434853076935
driver,851,,3,0.09494383633136749,0.2727644145488739
driver,852,,3,-0.08185558021068573,0.1238304004073143
driver,853,,3,-0.2013525813817978,0.20021165907382965
driver,854,,3,0.09688788652420044,0.17497408390045166
driver,855,,3,-0.07973960787057877,0.12745316326618195
driver,856,,3,-0.342609703540802,0.2092476338148117
driver,857,,3,0.3817141652107239,0.15903238952159882
driver,858,,3,-0.2940584421157837,0.19089347124099731
driver,859,,3,0.17133912444114685,0.2258535623550415
driver,860,,3,0.32251206040382385,0.26305264234542847
driver,861,,3,0.2570948600769043,0.2585461139678955
driver,862,,3,-0.14171938598155975,0.27904772758483887
driver,1,,4,0.9495362043380737,0.08576278388500214
driver,2,,4,-0.35448411107063293,0.2663285434246063
driver,3,,4,0.5362457036972046,0.1434449702501297
driver,4,,4,0.49746304750442505,0.08913756906986237
driver,5,,4,-0.2818897068500519,0.3036702275276184
driver,8,,4,0.18065392971038818,0.09354862570762634
driver,9,,4,-0.3378533124923706,0.16812126338481903
driver,10,,4,-0.37917548418045044,0.2521837651729584
driver,13,,4,0.3671349883079529,0.1328597515821457
driver,15,,4,-0.4239327013492584,0.29050883650779724
driver,16,,4,-0.598654568195343,0.29800188541412354
driver,17,,4,0.04194158315658569,0.31839555501937866
driver,18,,4,0.5287532210350037,0.1677435338497162
driver,20,,4,0.9763339757919312,0.09737849235534668
driver,22,,4,-0.10766378045082092,0.31289422512054443
driver,24,,4,-0.9031848907470703,0.297306627035141
driver,30,,4,-0.45518019795417786,0.30100539326667786
driver,37,,4,-0.17940011620521545,0.30826738476753235
driver,39,,4,-0.6532906293869019,0.3272094428539276
driver,67,,4,-0.33600834012031555,0.2914179861545563
driver,153,,4,-0.5237908959388733,0.28972259163856506
driver,154,,4,0.24407321214675903,0.14655928313732147
driver,155,,4,0.09465983510017395,0.3027365505695343
driver,807,,4,0.19838294386863708,0.10536166280508041
driver,808,,4,-0.03217887878417969,0.2944984436035156
driver,811,,4,-0.3275483250617981,0.31151559948921204
driver,812,,4,-0.7848888635635376,0.29700973629951477
driver,813,,4,-0.7407291531562805,0.2080266922712326
driver,814,,4,-0.07263732701539993,0.3032032549381256
driver,815,,4,0.5751392245292664,0.07515864819288254
driver,816,,4,-0.6225345134735107,0.3180537521839142
driver,817,,4,0.3573330044746399,0.09330609440803528
driver,818,,4,-0.13065911829471588,0.26984110474586487
driver,819,,4,0.030918359756469727,0.2716907858848572
driver,820,,4,-0.5080963969230652,0.31221508979797363
driver,821,,4,-0.2017175257205963,0.19400395452976227
driver,822,,4,0.736872136592865,0.0907907783985138
driver,823,,4,-0.46045106649398804,0.26607683300971985
driver,824,,4,-0.4770877957344055,0.29159557819366455
driver,825,,4,0.42077529430389404,0.11640466004610062
driver,826,,4,0.19362856447696686,0.11645352095365524
driver,827,,4,-0.16822049021720886,0.2997943162918091
driver,828,,4,-0.02519022673368454,0.1335136592388153
driver,829,,4,-0.3300155997276306,0.21127739548683167
driver,830,,4,0.5626038312911987,0.07821574807167053
driver,831,,4,0.45300227403640747,0.14651165902614594
driver,832,,4,0.7818872928619385,0.08015565574169159
driver,833,,4,0.20421212911605835,0.24074687063694
driver,834,,4,0.35639044642448425,0.30231988430023193
driver,835,,4,-0.07669366151094437,0.1829584836959839
driver,836,,4,0.020932435989379883,0.18247279524803162
driver,837,,4,-0.6906399726867676,0.22700311243534088
driver,838,,4,0.1927000880241394,0.15514710545539856
driver,839,,4,0.21502764523029327,0.08797312527894974
driver,840,,4,-0.19378657639026642,0.09677115827798843
driver,841,,4,0.1857469081878662,0.12501806020736694
driver,842,,4,0.21505416929721832,0.09639774262905121
driver,843,,4,-0.35965943336486816,0.20178727805614471
driver,844,,4,0.2567126154899597,0.09490438550710678
driver,845,,4,-0.28374022245407104,0.19058701395988464
driver,846,,4,0.4230386018753052,0.09800469875335693
driver,847,,4,-0.15771284699440002,0.10441800951957703
driver,848,,4,0.398294597864151,0.11250777542591095
driver,849,,4,-0.4093242883682251,0.1246250569820404
driver,850,,4,-0.7220953702926636,0.27387315034866333
driver,851,,4,0.06340113282203674,0.28335171937942505
driver,852,,4,-0.09363912045955658,0.11267557740211487
driver,853,,4,-0.20426085591316223,0.20412513613700867
driver,854,,4,0.11838315427303314,0.18147915601730347
driver,855,,4,-0.0907210111618042,0.1411275714635849
driver,856,,4,-0.3432020843029022,0.21874907612800598
driver,857,,4,0.41077083349227905,0.15147101879119873
driver,858,,4,-0.3263574540615082,0.17246919870376587
driver,859,,4,0.1878580003976822,0.23723402619361877
driver,860,,4,0.3494812846183777,0.2696930170059204
driver,861,,4,0.26709964871406555,0.24822105467319489
driver,862,,4,-0.19244541227817535,0.2867084741592407
driver,1,,5,0.8827598094940186,0.08942815661430359
driver,2,,5,-0.3855676054954529,0.2815435528755188
driver,3,,5,0.7263830900192261,0.1944090574979782
driver,4,,5,0.5564789175987244,0.10828536748886108
driver,5,,5,-0.2561150789260864,0.33820393681526184
driver,8,,5,0.33667391538619995,0.10789113491773605
driver,9,,5,-0.36303865909576416,0.22123663127422333
driver,10,,5,-0.39405709505081177,0.30313536524772644
driver,13,,5,0.5222724676132202,0.1602444350719452
driver,15,,5,-0.4204319715499878,0.2812649607658386
driver,16,,5,-0.6111413240432739,0.3324085474014282
driver,17,,5,-0.04666823148727417,0.28681087493896484
driver,18,,5,0.568553626537323,0.22018717229366302
driver,20,,5,0.6275901794433594,0.09924289584159851
driver,22,,5,-0.05711262673139572,0.3226124346256256
driver,24,,5,-0.8608238101005554,0.31709668040275574
driver,30,,5,-0.3524649143218994,0.3120025098323822
driver,37,,5,-0.17300939559936523,0.2853129804134369
driver,39,,5,-0.663456916809082,0.2786805033683777
driver,67,,5,-0.3193998634815216,0.31416478753089905
driver,153,,5,-0.5679280757904053,0.3085521459579468
driver,154,,5,0.20884543657302856,0.13838885724544525
driver,155,,5,0.06630770117044449,0.3188716769218445
driver,807,,5,0.15827509760856628,0.09894287586212158
driver,808,,5,-0.04451356828212738,0.31242185831069946
driver,811,,5,-0.281796932220459,0.32180339097976685
driver,812,,5,-0.7302417755126953,0.28868603706359863
driver,813,,5,-0.7706553339958191,0.2921122908592224
driver,814,,5,-0.0675216019153595,0.3101901113986969
driver,815,,5,0.646872341632843,0.08555792272090912
driver,816,,5,-0.6782053112983704,0.3053654134273529
driver,817,,5,0.7063456773757935,0.09142838418483734
driver,818,,5,-0.19961440563201904,0.3338644206523895
driver,819,,5,0.006052166223526001,0.31492936611175537
driver,820,,5,-0.5074161291122437,0.2870693802833557
driver,821,,5,-0.1761898696422577,0.19330984354019165
driver,822,,5,0.6149479746818542,0.08107946813106537
driver,823,,5,-0.5219005942344666,0.3391866683959961
driver,824,,5,-0.4700745642185211,0.31178125739097595
driver,825,,5,0.32474619150161743,0.08643030375242233
driver,826,,5,0.12342886626720428,0.11948557198047638
driver,827,,5,-0.23829510807991028,0.28846853971481323
driver,828,,5,-0.11129234731197357,0.13726985454559326
driver,829,,5,-0.4409421980381012,0.3083672523498535
driver,830,,5,0.6040450930595398,0.08841878175735474
driver,831,,5,0.23113153874874115,0.18148280680179596
driver,832,,5,0.8210535049438477,0.09311098605394363
driver,833,,5,0.19916003942489624,0.30715757608413696
driver,834,,5,0.3892585039138794,0.29155227541923523
driver,835,,5,-0.07549935579299927,0.1713024079799652
driver,836,,5,0.04330618679523468,0.16256237030029297
driver,837,,5,-0.7567107677459717,0.23407259583473206
driver,838,,5,0.2224918156862259,0.16015711426734924
driver,839,,5,0.23965762555599213,0.10806915163993835
driver,840,,5,-0.21356572210788727,0.09491407126188278
driver,841,,5,0.22209790349006653,0.12977652251720428
driver,842,,5,0.2305694818496704,0.09077873826026917
driver,843,,5,-0.38349780440330505,0.20768190920352936
driver,844,,5,0.2830107510089874,0.08760067820549011
driver,845,,5,-0.30849194526672363,0.1940644234418869
driver,846,,5,0.4664616882801056,0.10397560894489288
driver,847,,5,-0.1798059344291687,0.10326164960861206
driver,848,,5,0.4300827085971832,0.12125477194786072
driver,849,,5,-0.45563599467277527,0.1359192132949829
driver,850,,5,-0.7742183208465576,0.26702526211738586
driver,851,,5,0.05073622986674309,0.2729145288467407
driver,852,,5,-0.11036871373653412,0.11746785044670105
driver,853,,5,-0.20266465842723846,0.19600725173950195
driver,854,,5,0.1283881813287735,0.16391384601593018
driver,855,,5,-0.10614986717700958,0.13805148005485535
driver,856,,5,-0.3589518070220947,0.23891887068748474
driver,857,,5,0.4419606328010559,0.16378672420978546
driver,858,,5,-0.35682469606399536,0.2002044916152954
driver,859,,5,0.18794313073158264,0.25826695561408997
driver,860,,5,0.38679343461990356,0.27303680777549744
driver,861,,5,0.2775525450706482,0.22568345069885254
driver,862,,5,-0.2319311499595642,0.3029821515083313
driver,1,,6,0.8499451279640198,0.08661674708127975
driver,2,,6,-0.37486812472343445,0.29785770177841187
driver,3,,6,0.6965866684913635,0.2887524664402008
driver,4,,6,0.5210968255996704,0.11290722340345383
driver,5,,6,-0.22983743250370026,0.3166418671607971
driver,8,,6,0.2491813600063324,0.10747422277927399
driver,9,,6,-0.38474249839782715,0.17074066400527954
driver,10,,6,-0.392348051071167,0.31507956981658936
driver,13,,6,0.6718880534172058,0.19406676292419434
driver,15,,6,-0.4597810208797455,0.32124078273773193
driver,16,,6,-0.6689643859863281,0.30050548911094666
driver,17,,6,-0.030583083629608154,0.3297154903411865
driver,18,,6,0.5567157864570618,0.32439976930618286
driver,20,,6,0.770917534828186,0.10930196195840836
driver,22,,6,-0.05290301889181137,0.30223163962364197
driver,24,,6,-0.7861484289169312,0.3014448285102844
driver,30,,6,-0.3514835834503174,0.2979251444339752
driver,37,,6,-0.18084757030010223,0.2967824339866638
driver,39,,6,-0.7024093866348267,0.32863694429397583
driver,67,,6,-0.2925719618797302,0.29124540090560913
driver,153,,6,-0.6400761604309082,0.32055139541625977
driver,154,,6,0.17572104930877686,0.14033880829811096
driver,155,,6,0.15452247858047485,0.32101380825042725
driver,807,,6,0.3497292995452881,0.11483264714479446
driver,808,,6,-0.01774030178785324,0.33523163199424744
driver,811,,6,-0.3120158314704895,0.296536922454834
driver,812,,6,-0.6789203882217407,0.32566559314727783
driver,813,,6,-0.6946689486503601,0.30551400780677795
driver,814,,6,-0.09047587215900421,0.2850230932235718
driver,815,,6,0.6581844091415405,0.10482001304626465
driver,816,,6,-0.7000261545181274,0.33808159828186035
driver,817,,6,0.5292092561721802,0.10284048318862915
driver,818,,6,-0.1970323622226715,0.2996738851070404
driver,819,,6,-0.058609649538993835,0.29574355483055115
driver,820,,6,-0.5249027609825134,0.29785677790641785
driver,821,,6,-0.17851415276527405,0.29289621114730835
driver,822,,6,0.6115650534629822,0.0882972702383995
driver,823,,6,-0.5980406999588013,0.2967454493045807
driver,824,,6,-0.4880378842353821,0.28376632928848267
driver,825,,6,0.35064321756362915,0.1323268860578537
driver,826,,6,0.1414664089679718,0.14173857867717743
driver,827,,6,-0.1220095306634903,0.3000231981277466
driver,828,,6,-0.14817103743553162,0.14516189694404602
driver,829,,6,-0.3431408107280731,0.2825542092323303
driver,830,,6,0.4561499357223511,0.09287069737911224
driver,831,,6,0.2556273341178894,0.28955304622650146
driver,832,,6,0.8160779476165771,0.0913943201303482
driver,833,,6,0.27747467160224915,0.2980172336101532
driver,834,,6,0.42190125584602356,0.304635614156723
driver,835,,6,0.010334417223930359,0.21156428754329681
driver,836,,6,-0.06000537797808647,0.19834287464618683
driver,837,,6,-0.7826640605926514,0.3089769780635834
driver,838,,6,0.22630733251571655,0.17083361744880676
driver,839,,6,0.3791857957839966,0.09994243830442429
driver,840,,6,-0.23962804675102234,0.10447543114423752
driver,841,,6,0.25302645564079285,0.1163109764456749
driver,842,,6,0.2439904510974884,0.09503129869699478
driver,843,,6,-0.44078487157821655,0.17915886640548706
driver,844,,6,0.2990628480911255,0.10359862446784973
driver,845,,6,-0.3189387917518616,0.19013027846813202
driver,846,,6,0.5084272623062134,0.094011589884758
driver,847,,6,-0.20067216455936432,0.10387644916772842
driver,848,,6,0.469180166721344,0.1062738373875618
driver,849,,6,-0.4992155432701111,0.13391582667827606
driver,850,,6,-0.7998819351196289,0.2540402412414551
driver,851,,6,0.05242740362882614,0.29972782731056213
driver,852,,6,-0.12696830928325653,0.12818515300750732
driver,853,,6,-0.2146693766117096,0.21249231696128845
driver,854,,6,0.14761340618133545,0.15404151380062103
driver,855,,6,-0.11478489637374878,0.13331899046897888
driver,856,,6,-0.36750227212905884,0.22802843153476715
driver,857,,6,0.46164441108703613,0.1670304834842682
driver,858,,6,-0.38432803750038147,0.1965581476688385
driver,859,,6,0.1747833490371704,0.24639219045639038
driver,860,,6,0.3793427646160126,0.2811851501464844
driver,861,,6,0.3175186812877655,0.21848604083061218
driver,862,,6,-0.3118962049484253,0.2726062536239624
driver,1,,7,0.8735694885253906,0.10164078325033188
driver,2,,7,-0.37659507989883423,0.29746830463409424
driver,3,,7,0.733762264251709,0.2686746120452881
driver,4,,7,0.4500594139099121,0.10292665660381317
driver,5,,7,-0.24202688038349152,0.2837439477443695
driver,8,,7,0.3336023688316345,0.1257021427154541
driver,9,,7,-0.39460185170173645,0.19283170998096466
driver,10,,7,-0.4010840058326721,0.27120843529701233
driver,13,,7,0.7124848365783691,0.30197471380233765
driver,15,,7,-0.48566919565200806,0.33293741941452026
driver,16,,7,-0.6448483467102051,0.2908802628517151
driver,17,,7,-0.0995301604270935,0.31018608808517456
driver,18,,7,0.5313500165939331,0.3169788122177124
driver,20,,7,0.7114311456680298,0.11048512160778046
driver,22,,7,-0.06574223190546036,0.2995026409626007
driver,24,,7,-0.7337308526039124,0.3385307192802429
driver,30,,7,-0.39703863859176636,0.3096454441547394
driver,37,,7,-0.15978345274925232,0.3011114001274109
driver,39,,7,-0.7095564603805542,0.28750985860824585
driver,67,,7,-0.2687450349330902,0.29322925209999084
driver,153,,7,-0.6026694774627686,0.30912116169929504
driver,154,,7,0.1266668438911438,0.15379726886749268
driver,155,,7,0.1277853101491928,0.28296732902526855
driver,807,,7,0.35844725370407104,0.10820820182561874
driver,808,,7,-0.08807824552059174,0.28771892189979553
driver,811,,7,-0.3089933395385742,0.3271303176879883
driver,812,,7,-0.5786156058311462,0.2959056496620178
driver,813,,7,-0.6487559676170349,0.3292379081249237
driver,814,,7,-0.1186964139342308,0.3008497655391693
driver,815,,7,0.4760352075099945,0.09922631084918976
driver,816,,7,-0.6953861713409424,0.3011687397956848
driver,817,,7,0.45014679431915283,0.10230313241481781
driver,818,,7,-0.22728517651557922,0.2986532747745514
driver,819,,7,-0.05960546433925629,0.28319796919822693
driver,820,,7,-0.49035853147506714,0.2820039689540863
driver,821,,7,-0.17855356633663177,0.28950393199920654
driver,822,,7,0.4285978376865387,0.08868969976902008
driver,823,,7,-0.4891776740550995,0.3037774860858917
driver,824,,7,-0.5665306448936462,0.3087887763977051
driver,825,,7,0.38183608651161194,0.1349382847547531
driver,826,,7,0.17222458124160767,0.1466926634311676
driver,827,,7,-0.14211422204971313,0.2756350636482239
driver,828,,7,-0.07981792092323303,0.21055957674980164
driver,829,,7,-0.3736270070075989,0.3063022792339325
driver,830,,7,0.6676005721092224,0.09783798456192017
driver,831,,7,0.28777575492858887,0.3077993392944336
driver,832,,7,0.9295549392700195,0.08859105408191681
driver,833,,7,0.2644403576850891,0.2830500602722168
driver,834,,7,0.4579315185546875,0.2982746660709381
driver,835,,7,0.07707832753658295,0.35130631923675537
driver,836,,7,-0.08921314775943756,0.2912994921207428
driver,837,,7,-0.7127320170402527,0.29901182651519775
driver,838,,7,0.3194744288921356,0.19750618934631348
driver,839,,7,0.2694850564002991,0.10957791656255722
driver,840,,7,-0.19915013015270233,0.09950462728738785
driver,841,,7,0.3052440881729126,0.14695778489112854
driver,842,,7,0.3064448833465576,0.09120481461286545
driver,843,,7,-0.5293874740600586,0.20031896233558655
driver,844,,7,0.32303881645202637,0.09174405038356781
driver,845,,7,-0.3361039459705353,0.21164950728416443
driver,846,,7,0.5502876043319702,0.102108433842659
driver,847,,7,-0.2218947410583496,0.09974611550569534
driver,848,,7,0.503392219543457,0.11539648473262787
driver,849,,7,-0.5436263084411621,0.1391313523054123
driver,850,,7,-0.8551959991455078,0.2670401334762573
driver,851,,7,0.08496648818254471,0.30881306529045105
driver,852,,7,-0.14811503887176514,0.1080256998538971
driver,853,,7,-0.21383415162563324,0.21880342066287994
driver,854,,7,0.16526417434215546,0.22000369429588318
driver,855,,7,-0.1299816071987152,0.13013285398483276
driver,856,,7,-0.36936303973197937,0.2282963991165161
driver,857,,7,0.4858805537223816,0.1561099737882614
driver,858,,7,-0.42378485202789307,0.18940266966819763
driver,859,,7,0.18418331444263458,0.21741600334644318
driver,860,,7,0.3786871135234833,0.3063068389892578
driver,861,,7,0.33177900314331055,0.2563501298427582
driver,862,,7,-0.37096694111824036,0.28745606541633606
driver,1,,8,1.0524669885635376,0.11711957305669785
driver,2,,8,-0.4145794212818146,0.32510560750961304
driver,3,,8,0.7115792036056519,0.3063583970069885
driver,4,,8,0.44173723459243774,0.10683833062648773
driver,5,,8,-0.24579276144504547,0.2703655958175659
driver,8,,8,0.26898232102394104,0.12351059913635254
driver,9,,8,-0.41478461027145386,0.19381286203861237
driver,10,,8,-0.3568406105041504,0.2937905788421631
driver,13,,8,0.739836573600769,0.2864924669265747
driver,15,,8,-0.533004641532898,0.30796557664871216
driver,16,,8,-0.6727919578552246,0.27599358558654785
driver,17,,8,-0.07333433628082275,0.31983503699302673
driver,18,,8,0.532301127910614,0.2927769422531128
driver,20,,8,0.4600694179534912,0.10887742042541504
driver,22,,8,-0.07258313149213791,0.29660406708717346
driver,24,,8,-0.6919097304344177,0.299768328666687
driver,30,,8,-0.41082870960235596,0.32723864912986755
driver,37,,8,-0.201266810297966,0.28254076838493347
driver,39,,8,-0.7077053785324097,0.2898314297199249
driver,67,,8,-0.2654532492160797,0.2894679307937622
driver,153,,8,-0.6493085622787476,0.32276651263237
driver,154,,8,0.14679688215255737,0.16123920679092407
driver,155,,8,0.10417547076940536,0.2767813205718994
driver,807,,8,0.507663369178772,0.15610651671886444
driver,808,,8,-0.0956190899014473,0.3016182780265808
driver,811,,8,-0.22931119799613953,0.27681899070739746
driver,812,,8,-0.6193117499351501,0.3009403944015503
driver,813,,8,-0.644512951374054,0.3289985656738281
driver,814,,8,-0.05071572959423065,0.28309646248817444
driver,815,,8,0.5352032780647278,0.09832273423671722
driver,816,,8,-0.7135610580444336,0.2739045023918152
driver,817,,8,0.2665750980377197,0.1104038879275322
driver,818,,8,-0.2809792757034302,0.2836245894432068
driver,819,,8,-0.08028370887041092,0.289861261844635
driver,820,,8,-0.5221415758132935,0.2924472391605377
driver,821,,8,-0.2244444489479065,0.3082161545753479
driver,822,,8,0.34914055466651917,0.09670992195606232
driver,823,,8,-0.42667725682258606,0.3085959851741791
driver,824,,8,-0.5929577350616455,0.31082722544670105
driver,825,,8,0.3289855122566223,0.11143527179956436
driver,826,,8,0.20945696532726288,0.158527210354805
driver,827,,8,-0.18409258127212524,0.31209713220596313
driver,828,,8,-0.06326589733362198,0.2742142081260681
driver,829,,8,-0.3602420389652252,0.3014621436595917
driver,830,,8,0.6800398826599121,0.11277461796998978
driver,831,,8,0.27257370948791504,0.32906821370124817
driver,832,,8,0.9729822874069214,0.10344288498163223
driver,833,,8,0.2745395600795746,0.32064226269721985
driver,834,,8,0.47366583347320557,0.31319528818130493
driver,835,,8,0.04579190909862518,0.305051326751709
driver,836,,8,-0.021651946008205414,0.3078837990760803
driver,837,,8,-0.7015446424484253,0.34409478306770325
driver,838,,8,0.3048034906387329,0.2772991955280304
driver,839,,8,0.3538534641265869,0.12478013336658478
driver,840,,8,-0.18448036909103394,0.1143893226981163
driver,841,,8,0.35270947217941284,0.12152201682329178
driver,842,,8,0.4264945685863495,0.08922772109508514
driver,843,,8,-0.4996483325958252,0.2794981002807617
driver,844,,8,0.2727397680282593,0.10111049562692642
driver,845,,8,-0.3420645594596863,0.29748719930648804
driver,846,,8,0.5860573649406433,0.10548421740531921
driver,847,,8,-0.24336574971675873,0.10573197901248932
driver,848,,8,0.5315373539924622,0.10430872440338135
driver,849,,8,-0.5932853817939758,0.14371424913406372
driver,850,,8,-0.919593334197998,0.30713075399398804
driver,851,,8,0.0626252070069313,0.277511864900589
driver,852,,8,-0.15602368116378784,0.12066331505775452
driver,853,,8,-0.21253173053264618,0.24586956202983856
driver,854,,8,0.18787336349487305,0.14766259491443634
driver,855,,8,-0.13126643002033234,0.150260329246521
driver,856,,8,-0.39448434114456177,0.21474352478981018
driver,857,,8,0.5055713653564453,0.15254123508930206
driver,858,,8,-0.4542624056339264,0.170929953455925
driver,859,,8,0.1967313438653946,0.19371405243873596
driver,860,,8,0.424846351146698,0.2865985929965973
driver,861,,8,0.3254055976867676,0.25682827830314636
driver,862,,8,-0.37286967039108276,0.2755654752254486
driver,1,,9,1.1945686340332031,0.11344277858734131
driver,2,,9,-0.4202340543270111,0.30707186460494995
driver,3,,9,0.6941465139389038,0.30721351504325867
driver,4,,9,0.4266583323478699,0.1276300996541977
driver,5,,9,-0.2635341286659241,0.2919798195362091
driver,8,,9,0.21053308248519897,0.15282246470451355
driver,9,,9,-0.3723450303077698,0.2928743362426758
driver,10,,9,-0.38132768869400024,0.284604012966156
driver,13,,9,0.730006217956543,0.3445165753364563
driver,15,,9,-0.5941381454467773,0.26567479968070984
driver,16,,9,-0.6904521584510803,0.29531213641166687
driver,17,,9,-0.008548140525817871,0.28950056433677673
driver,18,,9,0.5325132608413696,0.30974888801574707
driver,20,,9,0.05898475646972656,0.12418157607316971
driver,22,,9,-0.08777433633804321,0.3071237802505493
driver,24,,9,-0.7051953673362732,0.28130409121513367
driver,30,,9,-0.3756539821624756,0.2951508164405823
driver,37,,9,-0.22911347448825836,0.2842046618461609
driver,39,,9,-0.677602231502533,0.28424403071403503
driver,67,,9,-0.30461961030960083,0.3074723780155182
driver,153,,9,-0.5573227405548096,0.27991512417793274
driver,154,,9,0.18637430667877197,0.2289792001247406
driver,155,,9,0.08261904120445251,0.30975645780563354
driver,807,,9,0.455369234085083,0.17056331038475037
driver,808,,9,-0.08582717925310135,0.289882093667984
driver,811,,9,-0.1473243683576584,0.34288352727890015
driver,812,,9,-0.6684907078742981,0.3201761841773987
driver,813,,9,-0.6064550876617432,0.32135722041130066
driver,814,,9,-0.07544759660959244,0.3158797025680542
driver,815,,9,0.7082400321960449,0.09817511588335037
driver,816,,9,-0.7644756436347961,0.3160887360572815
driver,817,,9,0.5230959057807922,0.12811090052127838
driver,818,,9,-0.29656773805618286,0.30094465613365173
driver,819,,9,-0.035432472825050354,0.31490397453308105
driver,820,,9,-0.5907720923423767,0.3024017810821533
driver,821,,9,-0.18157285451889038,0.2706112861633301
driver,822,,9,0.06256981939077377,0.11092281341552734
driver,823,,9,-0.46150994300842285,0.3001869320869446
driver,824,,9,-0.502589762210846,0.28713762760162354
driver,825,,9,0.283976674079895,0.13079284131526947
driver,826,,9,0.18313734233379364,0.20733457803726196
driver,827,,9,-0.214059978723526,0.3143440783023834
driver,828,,9,-0.13212069869041443,0.27523961663246155
driver,829,,9,-0.4635808765888214,0.2912362813949585
driver,830,,9,0.8107686042785645,0.12611576914787292
driver,831,,9,0.2032473087310791,0.30694684386253357
driver,832,,9,0.86150723695755,0.11171000450849533
driver,833,,9,0.33664655685424805,0.2910270094871521
driver,834,,9,0.3926289677619934,0.30961930751800537
driver,835,,9,0.09632928669452667,0.2975628077983856
driver,836,,9,-0.04681743308901787,0.3097865581512451
driver,837,,9,-0.6207828521728516,0.3046526312828064
driver,838,,9,0.26130354404449463,0.28460851311683655
driver,839,,9,0.43406665325164795,0.129288911819458
driver,840,,9,-0.14691108465194702,0.10862796008586884
driver,841,,9,0.3273923397064209,0.1490764319896698
driver,842,,9,0.5485935211181641,0.08787548542022705
driver,843,,9,-0.47413700819015503,0.29907965660095215
driver,844,,9,0.2239949107170105,0.10381415486335754
driver,845,,9,-0.29752206802368164,0.30303025245666504
driver,846,,9,0.8119301199913025,0.11768936365842819
driver,847,,9,-0.18894119560718536,0.12086985260248184
driver,848,,9,0.42345550656318665,0.11306516081094742
driver,849,,9,-0.6533249020576477,0.1464603990316391
driver,850,,9,-0.9367286562919617,0.28878554701805115
driver,851,,9,0.09413169324398041,0.27555280923843384
driver,852,,9,-0.17013682425022125,0.12719394266605377
driver,853,,9,-0.23481136560440063,0.2280244380235672
driver,854,,9,0.2173071801662445,0.14863915741443634
driver,855,,9,-0.15011121332645416,0.13451941311359406
driver,856,,9,-0.42413634061813354,0.2408134639263153
driver,857,,9,0.5368884801864624,0.16748015582561493
driver,858,,9,-0.4777229130268097,0.18505844473838806
driver,859,,9,0.2006375789642334,0.24254447221755981
driver,860,,9,0.487468421459198,0.2628442943096161
driver,861,,9,0.3222464919090271,0.25034457445144653
driver,862,,9,-0.3710278272628784,0.29865434765815735
driver,1,,10,1.024016261100769,0.1314670443534851
driver,2,,10,-0.4373306632041931,0.2802986204624176
driver,3,,10,0.7308472394943237,0.2665356397628784
driver,4,,10,0.4055013656616211,0.11124854534864426
driver,5,,10,-0.30543604493141174,0.28051504492759705
driver,8,,10,0.1242862343788147,0.18531537055969238
driver,9,,10,-0.307611346244812,0.29876089096069336
driver,10,,10,-0.41281455755233765,0.317099928855896
driver,13,,10,0.7101917862892151,0.3178090453147888
driver,15,,10,-0.6132676005363464,0.3410571217536926
driver,16,,10,-0.6794099807739258,0.2588346004486084
driver,17,,10,-0.034167587757110596,0.28151020407676697
driver,18,,10,0.46951544284820557,0.3002515435218811
driver,20,,10,-0.0793910026550293,0.15929463505744934
driver,22,,10,-0.12290094792842865,0.3135179281234741
driver,24,,10,-0.676705539226532,0.3134721517562866
driver,30,,10,-0.3864646255970001,0.2746993601322174
driver,37,,10,-0.24766579270362854,0.310040146112442
driver,39,,10,-0.6898909211158752,0.2883037030696869
driver,67,,10,-0.28406310081481934,0.34277400374412537
driver,153,,10,-0.5950096845626831,0.2659258246421814
driver,154,,10,0.23143357038497925,0.2577250003814697
driver,155,,10,0.04622410982847214,0.30085888504981995
driver,807,,10,0.4015890061855316,0.1553879976272583
driver,808,,10,0.0013208016753196716,0.28048497438430786
driver,811,,10,-0.10510388016700745,0.30577802658081055
driver,812,,10,-0.6567904949188232,0.3091069459915161
driver,813,,10,-0.6910948753356934,0.287906289100647
driver,814,,10,-0.06843452155590057,0.2917667031288147
driver,815,,10,0.5233254432678223,0.10862989723682404
driver,816,,10,-0.7415276765823364,0.28634560108184814
driver,817,,10,0.5059213042259216,0.11741655319929123
driver,818,,10,-0.3358469605445862,0.3109109699726105
driver,819,,10,-0.07238341867923737,0.29617321491241455
driver,820,,10,-0.644668698310852,0.2901002764701843
driver,821,,10,-0.1551276594400406,0.30756494402885437
driver,822,,10,-0.166261225938797,0.11142007261514664
driver,823,,10,-0.404098778963089,0.27961665391921997
driver,824,,10,-0.5043152570724487,0.29854506254196167
driver,825,,10,0.23566293716430664,0.15911227464675903
driver,826,,10,0.23965060710906982,0.2892334759235382
driver,827,,10,-0.2256724238395691,0.2791653573513031
driver,828,,10,-0.041976042091846466,0.29910144209861755
driver,829,,10,-0.4687309265136719,0.3052285611629486
driver,830,,10,0.968254804611206,0.11452960968017578
driver,831,,10,0.2534622848033905,0.2937692403793335
driver,832,,10,0.889119565486908,0.11630421131849289
driver,833,,10,0.3393711745738983,0.28125882148742676
driver,834,,10,0.3826514482498169,0.3003505766391754
driver,835,,10,0.11287599802017212,0.2925257980823517
driver,836,,10,-0.04054766148328781,0.29672005772590637
driver,837,,10,-0.6459481716156006,0.27491122484207153
driver,838,,10,0.260189414024353,0.3287319839000702
driver,839,,10,0.5108940601348877,0.12479417771100998
driver,840,,10,-0.12988850474357605,0.12232431024312973
driver,841,,10,0.443118691444397,0.20126578211784363
driver,842,,10,0.7203590869903564,0.10217874497175217
driver,843,,10,-0.43769973516464233,0.2728925049304962
driver,844,,10,0.3140223026275635,0.13112449645996094
driver,845,,10,-0.21102365851402283,0.3076128363609314
driver,846,,10,0.9190415143966675,0.1329873949289322
driver,847,,10,0.09722806513309479,0.12773162126541138
driver,848,,10,0.3871912360191345,0.12253351509571075
driver,849,,10,-0.7301383018493652,0.16435524821281433
driver,850,,10,-0.9216798543930054,0.3058461844921112
driver,851,,10,0.03877219557762146,0.30012601613998413
driver,852,,10,-0.1830706000328064,0.11004551500082016
driver,853,,10,-0.24780313670635223,0.23716485500335693
driver,854,,10,0.24086441099643707,0.14250428974628448
driver,855,,10,-0.1622231900691986,0.12463054805994034
driver,856,,10,-0.416293203830719,0.20404782891273499
driver,857,,10,0.5670672059059143,0.1409265697002411
driver,858,,10,-0.5151368975639343,0.18391692638397217
driver,859,,10,0.20373831689357758,0.2114890217781067
driver,860,,10,0.5017976760864258,0.29935261607170105
driver,861,,10,0.3164464831352234,0.23773333430290222
driver,862,,10,-0.3960235118865967,0.30949094891548157
driver,1,,11,0.8362932205200195,0.1300784796476364
driver,2,,11,-0.44607365131378174,0.29800549149513245
driver,3,,11,0.7384427785873413,0.2810322344303131
driver,4,,11,0.34661269187927246,0.13439880311489105
driver,5,,11,-0.3582817316055298,0.2803385555744171
driver,8,,11,0.1571837067604065,0.30562466382980347
driver,9,,11,-0.36181485652923584,0.30241984128952026
driver,10,,11,-0.40981876850128174,0.27263689041137695
driver,13,,11,0.7322587966918945,0.30704161524772644
driver,15,,11,-0.6672298312187195,0.3054434359073639
driver,16,,11,-0.7130157947540283,0.3247036933898926
driver,17,,11,-0.07699930667877197,0.28280824422836304
driver,18,,11,0.43310898542404175,0.29046839475631714
driver,20,,11,-0.03367972373962402,0.195120170712471
driver,22,,11,-0.10210088640451431,0.31800761818885803
driver,24,,11,-0.6305093765258789,0.32031917572021484
driver,30,,11,-0.3407667279243469,0.3130469024181366
driver,37,,11,-0.27367499470710754,0.28528711199760437
driver,39,,11,-0.6432465314865112,0.3056422770023346
driver,67,,11,-0.31225088238716125,0.3063597083091736
driver,153,,11,-0.5344218015670776,0.27316814661026
driver,154,,11,0.2645511031150818,0.3051394820213318
driver,155,,11,0.06489173322916031,0.28296685218811035
driver,807,,11,0.3479978144168854,0.15212616324424744
driver,808,,11,0.02509458363056183,0.30810368061065674
driver,811,,11,-0.10963523387908936,0.2872885763645172
driver,812,,11,-0.606242835521698,0.32553523778915405
driver,813,,11,-0.664522647857666,0.2554696500301361
driver,814,,11,-0.038247015327215195,0.27331122756004333
driver,815,,11,0.6055942177772522,0.15516997873783112
driver,816,,11,-0.7207808494567871,0.3140309453010559
driver,817,,11,0.2753807306289673,0.16007085144519806
driver,818,,11,-0.40414565801620483,0.28267592191696167
driver,819,,11,-0.024698972702026367,0.2806299328804016
driver,820,,11,-0.6451481580734253,0.31102100014686584
driver,821,,11,-0.18158899247646332,0.2950481176376343
driver,822,,11,-0.11286071687936783,0.13880205154418945
driver,823,,11,-0.33202213048934937,0.32318466901779175
driver,824,,11,-0.4946948289871216,0.3272128403186798
driver,825,,11,0.17948709428310394,0.1232016459107399
driver,826,,11,0.3134743571281433,0.2991268038749695
driver,827,,11,-0.20614200830459595,0.30265864729881287
driver,828,,11,-0.0733567625284195,0.28978413343429565
driver,829,,11,-0.46210867166519165,0.29289624094963074
driver,830,,11,1.0976375341415405,0.13845886290073395
driver,831,,11,0.3077554404735565,0.32055604457855225
driver,832,,11,0.7106079459190369,0.13799530267715454
driver,833,,11,0.3332197368144989,0.30122408270835876
driver,834,,11,0.4063650965690613,0.3285837769508362
driver,835,,11,0.09258896112442017,0.3082711100578308
driver,836,,11,0.007138378918170929,0.3113393485546112
driver,837,,11,-0.6024467349052429,0.3257140815258026
driver,838,,11,0.27931973338127136,0.2999935746192932
driver,839,,11,0.7307032942771912,0.13595443964004517
driver,840,,11,-0.1893184632062912,0.13817664980888367
driver,841,,11,0.49146783351898193,0.29661786556243896
driver,842,,11,0.661880373954773,0.12831547856330872
driver,843,,11,-0.40880918502807617,0.3090519309043884
driver,844,,11,0.5561611652374268,0.13743078708648682
driver,845,,11,-0.2024264633655548,0.2711904048919678
driver,846,,11,0.9362531304359436,0.12973518669605255
driver,847,,11,0.2651859521865845,0.15048016607761383
driver,848,,11,0.3438446521759033,0.1352076381444931
driver,849,,11,-0.7823134660720825,0.1811366081237793
driver,850,,11,-0.9061695337295532,0.26723340153694153
driver,851,,11,-0.008650340139865875,0.3141796588897705
driver,852,,11,-0.22324782609939575,0.13722284138202667
driver,853,,11,-0.2468634396791458,0.32298773527145386
driver,854,,11,0.26336148381233215,0.18128609657287598
driver,855,,11,-0.17732253670692444,0.1340818554162979
driver,856,,11,-0.4384201765060425,0.20074379444122314
driver,857,,11,0.5968866348266602,0.17372141778469086
driver,858,,11,-0.5460429191589355,0.1803050935268402
driver,859,,11,0.20562246441841125,0.21321992576122284
driver,860,,11,0.5406960844993591,0.25365033745765686
driver,861,,11,0.28917038440704346,0.25024890899658203
driver,862,,11,-0.4167664647102356,0.32074010372161865
driver,1,,12,0.7305787205696106,0.1595970243215561
driver,2,,12,-0.4744759500026703,0.29763710498809814
driver,3,,12,0.7280051708221436,0.2940431833267212
driver,4,,12,0.48106712102890015,0.1527547687292099
driver,5,,12,-0.4063008427619934,0.2968111038208008
driver,8,,12,0.18706190586090088,0.26117199659347534
driver,9,,12,-0.4100709557533264,0.32669612765312195
driver,10,,12,-0.43359649181365967,0.3159404397010803
driver,13,,12,0.7932275533676147,0.2990526854991913
driver,15,,12,-0.662146806716919,0.27481386065483093
driver,16,,12,-0.66961270570755,0.314477801322937
driver,17,,12,-0.06348639726638794,0.34460872411727905
driver,18,,12,0.43403905630111694,0.3241468667984009
driver,20,,12,-0.05145454406738281,0.312283992767334
driver,22,,12,-0.07532813400030136,0.28214144706726074
driver,24,,12,-0.6614780426025391,0.3244931101799011
driver,30,,12,-0.35388240218162537,0.2904556691646576
driver,37,,12,-0.32628199458122253,0.2945396602153778
driver,39,,12,-0.634882926940918,0.28283026814460754
driver,67,,12,-0.3008437156677246,0.3211318552494049
driver,153,,12,-0.46980756521224976,0.30601051449775696
driver,154,,12,0.2168055772781372,0.29211482405662537
driver,155,,12,0.03136972337961197,0.3019341826438904
driver,807,,12,0.377166211605072,0.15241248905658722
driver,808,,12,-0.00204659067094326,0.2894880473613739
driver,811,,12,-0.03133168816566467,0.2932240068912506
driver,812,,12,-0.6182131171226501,0.2927705943584442
driver,813,,12,-0.6790904998779297,0.28070536255836487
driver,814,,12,-0.08039842545986176,0.2991063594818115
driver,815,,12,0.2043009102344513,0.15359771251678467
driver,816,,12,-0.6795042753219604,0.29485639929771423
driver,817,,12,0.23766706883907318,0.18425634503364563
driver,818,,12,-0.41598987579345703,0.3139153718948364
driver,819,,12,-0.014242812991142273,0.28923097252845764
driver,820,,12,-0.6227322816848755,0.28264120221138
driver,821,,12,-0.20705333352088928,0.2951080799102783
driver,822,,12,-0.1771714985370636,0.14498749375343323
driver,823,,12,-0.3083381950855255,0.31033581495285034
driver,824,,12,-0.46042555570602417,0.30850353837013245
driver,825,,12,0.13174252212047577,0.19081182777881622
driver,826,,12,0.35658085346221924,0.3301200568675995
driver,827,,12,-0.18197233974933624,0.3177526593208313
driver,828,,12,-0.06294292956590652,0.30263596773147583
driver,829,,12,-0.4024091958999634,0.27806633710861206
driver,830,,12,1.6831200122833252,0.1595536172389984
driver,831,,12,0.3150676190853119,0.2877059876918793
driver,832,,12,0.784662127494812,0.16505125164985657
driver,833,,12,0.2737516462802887,0.30120527744293213
driver,834,,12,0.37790489196777344,0.32197338342666626
driver,835,,12,0.08923141658306122,0.29823002219200134
driver,836,,12,0.029023736715316772,0.2880064845085144
driver,837,,12,-0.6374557614326477,0.31403616070747375
driver,838,,12,0.2970411777496338,0.2824926972389221
driver,839,,12,0.6204608678817749,0.15182344615459442
driver,840,,12,-0.15007317066192627,0.16579139232635498
driver,841,,12,0.4645576775074005,0.31200528144836426
driver,842,,12,0.6510285139083862,0.14697211980819702
driver,843,,12,-0.4075029194355011,0.28872668743133545
driver,844,,12,0.5292395353317261,0.15537285804748535
driver,845,,12,-0.2582519054412842,0.3172872066497803
driver,846,,12,0.8605268001556396,0.16437143087387085
driver,847,,12,0.14766204357147217,0.14765565097332
driver,848,,12,0.32844898104667664,0.14605535566806793
driver,849,,12,-0.7970800399780273,0.2735934853553772
driver,850,,12,-0.8239980936050415,0.2627577483654022
driver,851,,12,-0.05162370949983597,0.29898935556411743
driver,852,,12,-0.09279540181159973,0.14787155389785767
driver,853,,12,-0.20154426991939545,0.2883734107017517
driver,854,,12,0.2532452642917633,0.2844991683959961
driver,855,,12,-0.1601184755563736,0.1722530722618103
driver,856,,12,-0.5320471525192261,0.241618812084198
driver,857,,12,0.6173465251922607,0.13780313730239868
driver,858,,12,-0.574557363986969,0.17417971789836884
driver,859,,12,0.20023249089717865,0.2215096354484558
driver,860,,12,0.5860032439231873,0.2507883906364441
driver,861,,12,0.3419325351715088,0.23236334323883057
driver,862,,12,-0.41031670570373535,0.2923147976398468
driver,1,,13,0.6464305520057678,0.18360674381256104
driver,2,,13,-0.49577590823173523,0.3207613527774811
driver,3,,13,0.7671152353286743,0.29639410972595215
driver,4,,13,0.36106348037719727,0.1990690678358078
driver,5,,13,-0.3685626685619354,0.28743427991867065
driver,8,,13,0.24899420142173767,0.29869794845581055
driver,9,,13,-0.35226625204086304,0.34438323974609375
driver,10,,13,-0.48735547065734863,0.28911465406417847
driver,13,,13,0.8483456373214722,0.29435592889785767
driver,15,,13,-0.6266338229179382,0.31626221537590027
driver,16,,13,-0.6954573392868042,0.29861128330230713
driver,17,,13,-0.02807062864303589,0.30310943722724915
driver,18,,13,0.43599647283554077,0.2678482234477997
driver,20,,13,0.009569644927978516,0.2890849709510803
driver,22,,13,-0.055599674582481384,0.29958146810531616
driver,24,,13,-0.6666191816329956,0.31440967321395874
driver,30,,13,-0.37724223732948303,0.3175126314163208
driver,37,,13,-0.28774991631507874,0.2854728400707245
driver,39,,13,-0.6436600685119629,0.3230026364326477
driver,67,,13,-0.36710166931152344,0.30127251148223877
driver,153,,13,-0.47064435482025146,0.3124068081378937
driver,154,,13,0.1947248876094818,0.28260308504104614
driver,155,,13,0.062492549419403076,0.30465972423553467
driver,807,,13,0.4142778515815735,0.23329681158065796
driver,808,,13,0.04903026670217514,0.3001035749912262
driver,811,,13,-0.02163088321685791,0.28606751561164856
driver,812,,13,-0.5999397039413452,0.32245439291000366
driver,813,,13,-0.6686617136001587,0.2792753577232361
driver,814,,13,-0.032133858650922775,0.29299110174179077
driver,815,,13,-0.07620187103748322,0.20477727055549622
driver,816,,13,-0.7245683670043945,0.28955331444740295
driver,817,,13,0.23832674324512482,0.2008381187915802
driver,818,,13,-0.47678476572036743,0.30879583954811096
driver,819,,13,-0.010255426168441772,0.285888135433197
driver,820,,13,-0.6256981492042542,0.2579403519630432
driver,821,,13,-0.23343786597251892,0.3165372908115387
driver,822,,13,-0.2116090953350067,0.18648959696292877
driver,823,,13,-0.3555985689163208,0.3135030269622803
driver,824,,13,-0.4456484615802765,0.2987600564956665
driver,825,,13,0.07787008583545685,0.23664093017578125
driver,826,,13,0.32599228620529175,0.28174057602882385
driver,827,,13,-0.12472245842218399,0.29201453924179077
driver,828,,13,-0.07885584235191345,0.3231416940689087
driver,829,,13,-0.3998181223869324,0.2830675542354584
driver,830,,13,1.5704147815704346,0.19405081868171692
driver,831,,13,0.32684609293937683,0.29247501492500305
driver,832,,13,0.6948283910751343,0.2016994208097458
driver,833,,13,0.2564699649810791,0.30705147981643677
driver,834,,13,0.3771023750305176,0.28156226873397827
driver,835,,13,0.09699317812919617,0.2810573875904083
driver,836,,13,0.051796674728393555,0.30780091881752014
driver,837,,13,-0.6235538125038147,0.30282363295555115
driver,838,,13,0.2811410427093506,0.3009963035583496
driver,839,,13,0.4884265661239624,0.17508217692375183
driver,840,,13,-0.17954501509666443,0.20423343777656555
driver,841,,13,0.4601317346096039,0.31537315249443054
driver,842,,13,0.6526980400085449,0.20919650793075562
driver,843,,13,-0.4575687646865845,0.3141433000564575
driver,844,,13,0.9243636131286621,0.16917216777801514
driver,845,,13,-0.26571789383888245,0.2933223843574524
driver,846,,13,1.0810585021972656,0.2008236050605774
driver,847,,13,0.2938414216041565,0.18895339965820312
driver,848,,13,0.3235494792461395,0.19901195168495178
driver,849,,13,-0.7556042671203613,0.3102826476097107
driver,850,,13,-0.8205151557922363,0.3002973794937134
driver,851,,13,-0.030227303504943848,0.3121697008609772
driver,852,,13,-0.014635134488344193,0.199849933385849
driver,853,,13,-0.17334988713264465,0.2937719523906708
driver,854,,13,0.23994584381580353,0.3131970167160034
driver,855,,13,-0.14722512662410736,0.2075432538986206
driver,856,,13,-0.528367280960083,0.2971528470516205
driver,857,,13,0.7781276106834412,0.18145912885665894
driver,858,,13,-0.6884254217147827,0.22425884008407593
driver,859,,13,0.14828500151634216,0.23904186487197876
driver,860,,13,0.6428651213645935,0.2703632414340973
driver,861,,13,0.33726179599761963,0.21380668878555298
driver,862,,13,-0.33378806710243225,0.27517062425613403
constructor,1,,0,0.40392547845840454,0.05803311616182327
constructor,3,,0,-0.08460414409637451,0.05578947067260742
constructor,4,,0,-0.18235547840595245,0.06915480643510818
constructor,5,,0,0.0652012899518013,0.058752790093421936
constructor,6,,0,0.4642293155193329,0.06298395991325378
constructor,9,,0,0.9179549217224121,0.06080499291419983
constructor,10,,0,0.24306268990039825,0.055800776928663254
constructor,15,,0,-0.18730857968330383,0.06125393137335777
constructor,131,,0,0.2887686491012573,0.0699295923113823
constructor,164,,0,-0.9313842058181763,0.11161821335554123
constructor,166,,0,-0.5485711097717285,0.11437372118234634
constructor,205,,0,-0.46348103880882263,0.10033845901489258
constructor,206,,0,-0.1413864940404892,0.08127804100513458
constructor,207,,0,-0.18537476658821106,0.121623694896698
constructor,208,,0,0.24993330240249634,0.0970986858010292
constructor,209,,0,-0.15093649923801422,0.09462027996778488
constructor,210,,0,0.24232667684555054,0.07959090918302536
constructor,1,,1,0.1384565234184265,0.06536125391721725
constructor,3,,1,0.10036328434944153,0.0648767501115799
constructor,4,,1,-0.20277553796768188,0.0861554741859436
constructor,5,,1,0.17235738039016724,0.07134324312210083
constructor,6,,1,0.5203508138656616,0.06854518502950668
constructor,9,,1,0.6598575115203857,0.06366586685180664
constructor,10,,1,0.3011557459831238,0.06029294803738594
constructor,15,,1,-0.11825602501630783,0.061487678438425064
constructor,131,,1,0.43968474864959717,0.06986258178949356
constructor,164,,1,-0.8442716002464294,0.1335296481847763
constructor,166,,1,-0.5579808950424194,0.11352113634347916
constructor,205,,1,-0.4716247320175171,0.11579295992851257
constructor,206,,1,-0.25606125593185425,0.10937158763408661
constructor,207,,1,-0.32470065355300903,0.09861049056053162
constructor,208,,1,0.4553477168083191,0.09406302124261856
constructor,209,,1,-0.27199071645736694,0.07315681874752045
constructor,210,,1,0.26008766889572144,0.0843522846698761
constructor,1,,2,0.24032339453697205,0.07932392507791519
constructor,3,,2,-0.00415155291557312,0.06444182246923447
constructor,4,,2,-0.22475169599056244,0.07120905071496964
constructor,5,,2,-0.023583628237247467,0.07026948034763336
constructor,6,,2,0.515285074710846,0.0670451670885086
constructor,9,,2,1.0041582584381104,0.07064121961593628
constructor,10,,2,0.25736454129219055,0.06502136588096619
constructor,15,,2,-0.17483823001384735,0.06517015397548676
constructor,131,,2,1.0931274890899658,0.08078339695930481
constructor,164,,2,-0.8532390594482422,0.13376878201961517
constructor,166,,2,-0.5709102153778076,0.10515578091144562
constructor,205,,2,-0.4834059476852417,0.12121476978063583
constructor,206,,2,-0.42970889806747437,0.07881549745798111
constructor,207,,2,-0.7347978353500366,0.11483582109212875
constructor,208,,2,0.43946850299835205,0.09837831556797028
constructor,209,,2,-0.38914328813552856,0.1028880625963211
constructor,210,,2,0.3388029932975769,0.0868101641535759
constructor,1,,3,0.17435914278030396,0.07199815660715103
constructor,3,,3,0.40637287497520447,0.06309330463409424
constructor,4,,3,-0.24470344185829163,0.07473859935998917
constructor,5,,3,0.05286958068609238,0.06146689131855965
constructor,6,,3,0.6442588567733765,0.07288610935211182
constructor,9,,3,0.7690918445587158,0.06036827713251114
constructor,10,,3,0.3274551033973694,0.06812293082475662
constructor,15,,3,-0.3105996251106262,0.07107135653495789
constructor,131,,3,1.6901694536209106,0.08183598518371582
constructor,164,,3,-0.8617091178894043,0.1154574379324913
constructor,166,,3,-0.581322968006134,0.10965292155742645
constructor,205,,3,-0.4932478070259094,0.15137554705142975
constructor,206,,3,-0.5034608840942383,0.11585722118616104
constructor,207,,3,-1.1945106983184814,0.13283681869506836
constructor,208,,3,0.18275797367095947,0.10966724902391434
constructor,209,,3,-0.5062872767448425,0.10223515331745148
constructor,210,,3,0.4485069513320923,0.09141649305820465
constructor,1,,4,-0.3969475030899048,0.07169932126998901
constructor,3,,4,0.4633902311325073,0.06417941302061081
constructor,4,,4,-0.2639548182487488,0.07968173921108246
constructor,5,,4,0.008982792496681213,0.07595488429069519
constructor,6,,4,0.8309130072593689,0.07224978506565094
constructor,9,,4,0.9136786460876465,0.092688649892807
constructor,10,,4,0.32531052827835083,0.0716385468840599
constructor,15,,4,-0.13009677827358246,0.04860292002558708
constructor,131,,4,1.7531615495681763,0.07180901616811752
constructor,164,,4,-0.8707100749015808,0.12721168994903564
constructor,166,,4,-0.590369701385498,0.13767972588539124
constructor,205,,4,-0.5010659098625183,0.11807429790496826
constructor,206,,4,-0.5116322636604309,0.12552912533283234
constructor,207,,4,-1.204243779182434,0.07769893109798431
constructor,208,,4,0.34782156348228455,0.12464314699172974
constructor,209,,4,-0.6240164041519165,0.1303437352180481
constructor,210,,4,0.44977879524230957,0.09310530871152878
constructor,1,,5,-0.16879117488861084,0.06600739806890488
constructor,3,,5,0.22713130712509155,0.06898178905248642
constructor,4,,5,-0.28492650389671326,0.07138334959745407
constructor,5,,5,-0.0671197846531868,0.06280198693275452
constructor,6,,5,0.8617104291915894,0.07064516097307205
constructor,9,,5,1.210604190826416,0.06621790677309036
constructor,10,,5,0.332560271024704,0.06692982465028763
constructor,15,,5,-0.4363242983818054,0.08177220821380615
constructor,131,,5,2.025597333908081,0.060400038957595825
constructor,164,,5,-0.8793423771858215,0.16633597016334534
constructor,166,,5,-0.600235641002655,0.09991303831338882
constructor,205,,5,-0.5107259750366211,0.12827546894550323
constructor,206,,5,-0.5188120603561401,0.14260819554328918
constructor,207,,5,-1.2124415636062622,0.10533599555492401
constructor,208,,5,0.3412621319293976,0.11225053668022156
constructor,209,,5,-0.7912473678588867,0.13284695148468018
constructor,210,,5,0.47110092639923096,0.09391911327838898
constructor,1,,6,-0.10373157262802124,0.0788583755493164
constructor,3,,6,0.04495345056056976,0.06336161494255066
constructor,4,,6,-0.06112226843833923,0.07799980044364929
constructor,5,,6,-0.283389151096344,0.08517973870038986
constructor,6,,6,1.1913164854049683,0.0806904286146164
constructor,9,,6,0.9290298819541931,0.08052808046340942
constructor,10,,6,0.4938669800758362,0.07544665783643723
constructor,15,,6,-0.4649742841720581,0.06564245373010635
constructor,131,,6,2.1618566513061523,0.07219438999891281
constructor,164,,6,-0.8712841272354126,0.10621263831853867
constructor,166,,6,-0.5953970551490784,0.11842487752437592
constructor,205,,6,-0.5010160803794861,0.1337422877550125
constructor,206,,6,-0.5098777413368225,0.13644251227378845
constructor,207,,6,-1.2025560140609741,0.1341649740934372
constructor,208,,6,0.3501613438129425,0.12948426604270935
constructor,209,,6,-0.7807289958000183,0.15610210597515106
constructor,210,,6,0.20289230346679688,0.09965470433235168
constructor,1,,7,0.03698346018791199,0.08258023113012314
constructor,3,,7,-0.2236705869436264,0.09044419229030609
constructor,4,,7,-0.15191750228405,0.06749869883060455
constructor,5,,7,-0.26212045550346375,0.06875396519899368
constructor,6,,7,1.439405083656311,0.09216003119945526
constructor,9,,7,1.1031023263931274,0.0825924426317215
constructor,10,,7,0.10322362184524536,0.07425370067358017
constructor,15,,7,-0.283017098903656,0.06983727216720581
constructor,131,,7,2.0824804306030273,0.07369514554738998
constructor,164,,7,-0.8962677717208862,0.1200728565454483
constructor,166,,7,-0.6250647902488708,0.13677656650543213
constructor,205,,7,-0.5297975540161133,0.12489177286624908
constructor,206,,7,-0.5375086665153503,0.1233101412653923
constructor,207,,7,-1.2304339408874512,0.11630965024232864
constructor,208,,7,0.32370373606681824,0.11479443311691284
constructor,209,,7,-0.8066587448120117,0.12685814499855042
constructor,210,,7,0.45755863189697266,0.0978018268942833
constructor,1,,8,0.2200654149055481,0.06579208374023438
constructor,3,,8,-0.4442245662212372,0.09924334287643433
constructor,4,,8,-0.10563115030527115,0.08927670866250992
constructor,5,,8,-0.04763151705265045,0.09282821416854858
constructor,6,,8,1.2543963193893433,0.07160386443138123
constructor,9,,8,0.9660846590995789,0.07175442576408386
constructor,10,,8,0.34779828786849976,0.09641718864440918
constructor,15,,8,-0.1988503783941269,0.08835994452238083
constructor,131,,8,2.3090786933898926,0.08160854876041412
constructor,164,,8,-0.8601729869842529,0.19713954627513885
constructor,166,,8,-0.5879311561584473,0.13464805483818054
constructor,205,,8,-0.4974500238895416,0.13682448863983154
constructor,206,,8,-0.5067976117134094,0.15578897297382355
constructor,207,,8,-1.199836254119873,0.16909664869308472
constructor,208,,8,0.3603733777999878,0.15297451615333557
constructor,209,,8,-0.7710857391357422,0.16272909939289093
constructor,210,,8,-0.23818552494049072,0.11663035303354263
constructor,1,,9,0.4323205351829529,0.08667366206645966
constructor,3,,9,-0.5106166005134583,0.08659898489713669
constructor,4,,9,0.2697470188140869,0.08529388904571533
constructor,5,,9,-0.01048271358013153,0.07294727116823196
constructor,6,,9,0.7187249660491943,0.09275304526090622
constructor,9,,9,0.8148504495620728,0.08017820864915848
constructor,10,,9,0.8188762664794922,0.07813962548971176
constructor,15,,9,-0.16447655856609344,0.09099671244621277
constructor,131,,9,2.0982556343078613,0.09370014816522598
constructor,164,,9,-0.8546045422554016,0.15834978222846985
constructor,166,,9,-0.585789680480957,0.14225232601165771
constructor,205,,9,-0.4972224831581116,0.16827014088630676
constructor,206,,9,-0.5072944760322571,0.1537408083677292
constructor,207,,9,-1.1996233463287354,0.14856252074241638
constructor,208,,9,0.36362311244010925,0.14928248524665833
constructor,209,,9,-0.7699358463287354,0.1220678761601448
constructor,210,,9,-0.41635191440582275,0.11311297118663788
constructor,1,,10,0.6643898487091064,0.08721382915973663
constructor,3,,10,-0.31049844622612,0.08018413186073303
constructor,4,,10,0.22580035030841827,0.09436774998903275
constructor,5,,10,0.12530864775180817,0.09819333255290985
constructor,6,,10,0.8435831665992737,0.10071109235286713
constructor,9,,10,0.8843984603881836,0.10245300829410553
constructor,10,,10,0.7319754362106323,0.09643158316612244
constructor,15,,10,0.11917862296104431,0.0781056135892868
constructor,131,,10,1.5193142890930176,0.07598339021205902
constructor,164,,10,-0.8375284075737,0.14237022399902344
constructor,166,,10,-0.5660515427589417,0.19572365283966064
constructor,205,,10,-0.47441565990448,0.17047390341758728
constructor,206,,10,-0.48777806758880615,0.15411844849586487
constructor,207,,10,-1.1799060106277466,0.18034252524375916
constructor,208,,10,0.3753148317337036,0.12354258447885513
constructor,209,,10,-0.7500282526016235,0.1767120063304901
constructor,210,,10,-0.8830573558807373,0.12230794131755829
constructor,1,,11,0.17162269353866577,0.09747811406850815
constructor,3,,11,-0.307533323764801,0.09342782199382782
constructor,4,,11,0.22158677875995636,0.10320858657360077
constructor,5,,11,-0.2950192093849182,0.08108530938625336
constructor,6,,11,0.8660353422164917,0.09033344686031342
constructor,9,,11,1.4480159282684326,0.11778899282217026
constructor,10,,11,0.6937869787216187,0.10199666023254395
constructor,15,,11,0.16207674145698547,0.11405109614133835
constructor,131,,11,1.367066502571106,0.10265518724918365
constructor,164,,11,-0.9104957580566406,0.12533631920814514
constructor,166,,11,-0.632574200630188,0.16570664942264557
constructor,205,,11,-0.5414106249809265,0.14648833870887756
constructor,206,,11,-0.5529101490974426,0.1821296364068985
constructor,207,,11,-1.2441644668579102,0.16393619775772095
constructor,208,,11,0.3083941638469696,0.17058496177196503
constructor,209,,11,-0.8170985579490662,0.1841173768043518
constructor,210,,11,0.0626211166381836,0.12752029299736023
constructor,1,,12,0.09086054563522339,0.10346744954586029
constructor,3,,12,-0.2614753842353821,0.1016765832901001
constructor,4,,12,-0.003982990980148315,0.09985154867172241
constructor,5,,12,-0.16466915607452393,0.08877904713153839
constructor,6,,12,0.8737853765487671,0.13989144563674927
constructor,9,,12,2.044158458709717,0.12795495986938477
constructor,10,,12,1.0491987466812134,0.09885364770889282
constructor,15,,12,-0.016849413514137268,0.13821449875831604
constructor,131,,12,0.8988337516784668,0.09464266151189804
constructor,164,,12,-0.9063887596130371,0.1451372504234314
constructor,166,,12,-0.622925877571106,0.21302396059036255
constructor,205,,12,-0.5334068536758423,0.17926804721355438
constructor,206,,12,-0.5463243722915649,0.2577046751976013
constructor,207,,12,-1.2378782033920288,0.19012945890426636
constructor,208,,12,0.31592226028442383,0.15062075853347778
constructor,209,,12,-0.8100816607475281,0.1735200136899948
constructor,210,,12,-0.1687765121459961,0.14392100274562836
constructor,1,,13,1.2025482654571533,0.12488164752721786
constructor,3,,13,-0.4904632270336151,0.12898391485214233
constructor,4,,13,-0.39123040437698364,0.13154125213623047
constructor,5,,13,-0.08378634601831436,0.12606124579906464
constructor,6,,13,1.5670619010925293,0.13339020311832428
constructor,9,,13,0.9327987432479858,0.12896570563316345
constructor,10,,13,0.5736573338508606,0.13646724820137024
constructor,15,,13,-0.1062546819448471,0.14357364177703857
constructor,131,,13,0.9899077415466309,0.15044759213924408
constructor,164,,13,-0.9455670118331909,0.22764262557029724
constructor,166,,13,-0.6633301973342896,0.21010585129261017
constructor,205,,13,-0.5768168568611145,0.3203166425228119
constructor,206,,13,-0.5804949998855591,0.16998645663261414
constructor,207,,13,-1.279305338859558,0.20012123882770538
constructor,208,,13,0.2721288502216339,0.21353702247142792
constructor,209,,13,-0.84830242395401,0.16446900367736816
constructor,210,,13,0.42744874954223633,0.16940569877624512
circuit,-1,,all,-0.08478570729494095,0.47365862131118774
circuit,-1,,all,0.008619701489806175,0.47970303893089294
circuit,-1,,all,-0.04525095969438553,0.4854084551334381
circuit,-1,,all,-0.04335825890302658,0.4913632571697235
circuit,-1,,all,-0.058672282844781876,0.5072762370109558
circuit,-1,,all,-0.03179534897208214,0.5012382864952087
circuit,-1,,all,0.020944898948073387,0.4712083041667938
circuit,-1,,all,-0.030860645696520805,0.5238614678382874
circuit,-1,,all,-0.05721290782094002,0.479424387216568
circuit,-1,,all,-0.014362589456140995,0.5539631843566895
circuit,-1,,all,-0.017410408705472946,0.5220506191253662
circuit,-1,,all,0.074131079018116,0.47404778003692627
circuit,-1,,all,0.0785989761352539,0.48420450091362
circuit,-1,,all,0.11795856058597565,0.47447100281715393
circuit,-1,,all,-0.016815081238746643,0.5203407406806946
circuit,-1,,all,-0.002547701122239232,0.5471947193145752
circuit,-1,,all,0.0840311199426651,0.4748704731464386
circuit,-1,,all,0.03203553706407547,0.47362908720970154
circuit,-1,,all,-0.056794553995132446,0.5086960196495056
circuit,-1,,all,0.047309257090091705,0.4703625738620758
circuit,-1,,all,0.04440806806087494,0.5035796165466309
circuit,-1,,all,0.0027105389162898064,0.468730092048645
circuit,-1,,all,0.05370011925697327,0.5090868473052979
circuit,-1,,all,0.014844970777630806,0.4518941342830658
circuit,-1,,all,0.03653512895107269,0.47849521040916443
circuit,-1,,all,-0.03904576599597931,0.5088983774185181
circuit,-1,,all,-0.08346130698919296,0.5325129628181458
circuit,-1,,all,0.07875591516494751,0.5162018537521362
circuit,-1,,all,-0.03622528538107872,0.5407533645629883
circuit,-1,,all,-0.11545470356941223,0.46742478013038635
circuit,-1,,all,-0.052172716706991196,0.45804354548454285
circuit,-1,,all,-0.010164274834096432,0.5386907458305359
circuit,-1,,all,-0.051865965127944946,0.4954804480075836
circuit,-1,,all,0.02015000954270363,0.4746362566947937
circuit,-1,,all,-0.07742646336555481,0.5068422555923462
global,-1,beta_w,all,0.02658665180206299,0.4698285162448883
