step,loss
0,16631.173828125
1,15754.142206192017
2,16912.31255531311
3,13230.414602279663
4,17025.934606552124
5,13201.67597770691
6,14691.016456604004
7,17134.041820526123
8,13746.890748977661
9,14865.119993209839
10,15220.237943649292
11,15216.765218734741
12,14295.47329902649
13,18423.778678894043
14,15344.091884613037
15,21508.10534286499
16,15630.765989303589
17,14808.965744018555
18,15181.481548309326
19,15104.685472488403
20,13483.812686920166
21,16724.558212280273
22,17340.227382659912
23,14566.492490768433
24,14448.990036010742
25,14732.037128448486
26,14295.187244415283
27,13428.316801071167
28,14379.789148330688
29,15641.014171600342
30,14193.401737213135
31,13746.242736816406
32,16559.66508102417
33,16090.09140586853
34,15765.613529205322
35,16906.087074279785
36,19910.214950561523
37,17306.09457397461
38,16047.803020477295
39,13711.966579437256
40,14189.777450561523
41,12760.74813079834
42,17221.392583847046
43,17436.08427619934
44,13996.687313079834
45,14199.326530456543
46,15879.804903030396
47,15833.753095626831
48,14898.109115600586
49,14396.961898803711
50,14705.155113220215
51,15835.444873809814
52,13043.12182044983
53,14104.949745178223
54,14929.463333129883
55,14184.933485031128
56,17803.444147109985
57,16035.810697555542
58,13075.210962295532
59,14080.955852508545
60,14526.007410049438
61,14657.842758178711
62,21433.16307449341
63,12520.257308959961
64,13576.609992980957
65,14281.738739013672
66,14302.716888427734
67,14285.569896697998
68,20873.530279159546
69,15695.757936477661
70,13889.835819244385
71,13339.957069396973
72,13003.519721984863
73,14218.238315582275
74,13917.45057106018
75,13251.089324951172
76,27333.924606323242
77,13869.90254020691
78,14011.609680175781
79,13247.776054382324
80,13531.285711288452
81,14725.311920166016
82,12906.166469573975
83,13856.00657749176
84,12469.241603851318
85,12646.478992462158
86,15783.420631408691
87,12641.485960006714
88,14560.554933547974
89,12532.584732055664
90,12621.753067016602
91,14295.841005325317
92,13114.784107208252
93,14186.234823226929
94,16845.7815284729
95,12615.085557937622
96,15045.704097747803
97,13420.378360748291
98,14493.528213500977
99,14074.67342376709
100,13710.938959121704
101,13890.7622756958
102,12309.44116783142
103,13159.024475097656
104,12396.333125114441
105,13833.153289794922
106,12173.150639533997
107,12358.149501800537
108,12509.527378082275
109,13226.283592224121
110,12821.133922576904
111,14603.061170578003
112,13417.98483657837
113,12431.403051376343
114,14032.510278701782
115,12975.038345336914
116,13761.65415763855
117,12322.8590965271
118,12475.440294265747
119,11633.254727363586
120,11858.402565002441
121,12331.09976196289
122,14049.390907287598
123,13837.235845565796
124,13251.484928131104
125,12043.890073776245
126,12079.120113372803
127,12500.564558029175
128,12771.251007080078
129,13774.97569656372
130,13340.47246170044
131,12776.774746894836
132,12866.39317893982
133,12863.027742385864
134,12392.795835494995
135,13615.424966812134
136,12686.719762802124
137,12198.574585914612
138,15020.70591545105
139,12246.744045257568
140,12759.255823135376
141,13023.770120620728
142,12252.847931861877
143,12212.291749954224
144,12368.021039962769
145,12334.3901014328
146,14905.130222320557
147,12176.866380691528
148,13537.809505462646
149,12882.355653762817
150,13849.033590316772
151,12621.718181610107
152,12872.252378463745
153,13976.275630950928
154,12753.955545425415
155,13093.447470664978
156,13074.675064086914
157,12973.740766525269
158,13138.079448699951
159,12562.452961921692
160,14418.428747177124
161,12125.52773475647
162,11470.702097892761
163,12669.499841690063
164,12653.190711021423
165,16216.710834503174
166,14300.469750404358
167,12558.675521850586
168,11860.147201538086
169,12119.486771583557
170,11895.042245864868
171,12210.80411529541
172,12514.58390045166
173,13027.954187393188
174,13407.08897972107
175,12035.348708152771
176,12405.302753448486
177,12917.01449394226
178,11736.887216567993
179,11935.160007476807
180,11781.612855911255
181,12075.290586471558
182,12171.292484283447
183,12148.467637062073
184,13609.219652175903
185,11842.169610977173
186,12717.185041427612
187,12503.256245613098
188,12270.54094696045
189,12701.934089660645
190,12327.141944885254
191,12887.35461139679
192,14479.1067943573
193,12730.653127670288
194,11672.463081359863
195,13319.432866096497
196,11525.222031593323
197,13173.56414604187
198,12228.82458114624
199,11571.88067817688
200,13315.900833129883
201,13107.281929016113
202,12097.464084625244
203,12268.974960327148
204,12231.127862930298
205,12154.360925674438
206,12185.62473487854
207,12056.389624595642
208,12388.201053619385
209,12133.752548217773
210,12475.558612823486
211,11690.979763031006
212,11567.03431892395
213,12061.336391448975
214,12009.355108261108
215,11976.746718406677
216,12305.10843372345
217,12257.937072753906
218,14530.264894485474
219,11666.889909744263
220,12801.913795471191
221,11773.507259368896
222,13067.260555267334
223,11759.199275970459
224,12359.204378128052
225,14203.944578170776
226,12091.41222000122
227,12118.60161781311
228,14182.597103118896
229,11564.56491470337
230,11348.737899780273
231,12078.143566131592
232,11484.408337593079
233,13278.579449653625
234,11915.722772598267
235,13060.412981987
236,11417.975358009338
237,12862.162672042847
238,12104.964178085327
239,12806.818099021912
240,12228.12250995636
241,12351.752856254578
242,11544.91375541687
243,12138.566652297974
244,12532.769613265991
245,11666.493196487427
246,13337.966564178467
247,12264.433568000793
248,11813.521934509277
249,12058.57208442688
250,11516.763201713562
251,12025.101006507874
252,11628.435510635376
253,12160.896500587463
254,11513.545744895935
255,12418.338886260986
256,11993.545460700989
257,12949.039684295654
258,11957.058087348938
259,11451.01881980896
260,12258.794094085693
261,12782.68203163147
262,12105.409140586853
263,11216.076519966125
264,11775.936023712158
265,11437.99376296997
266,12414.431713104248
267,13036.135740280151
268,11622.926283836365
269,11727.745193481445
270,12633.05433177948
271,12220.403144836426
272,11359.973741531372
273,11569.16902923584
274,11527.843830108643
275,11702.340418815613
276,14299.055610656738
277,12817.56531715393
278,12851.065082550049
279,11172.840229034424
280,11280.789694786072
281,11704.943567276001
282,11493.746168136597
283,12459.294961929321
284,11445.380620002747
285,12406.199871063232
286,11169.70967388153
287,12410.94206237793
288,11505.418273925781
289,11315.261494636536
290,12087.934317588806
291,11347.42196559906
292,16251.073356628418
293,12359.975394248962
294,12062.674050331116
295,11963.08406162262
296,11505.105563163757
297,11553.220291137695
298,12293.180716991425
299,12235.098184585571
300,12328.878237724304
301,11447.843992233276
302,11501.902319908142
303,11312.376045703888
304,11436.616611480713
305,12298.635040283203
306,11326.911220550537
307,11545.530597686768
308,12181.125547409058
309,11405.03988456726
310,11764.406957626343
311,11014.613905906677
312,11264.181092262268
313,12533.58649635315
314,11580.46202468872
315,11334.886775970459
316,11410.83072566986
317,12051.586884498596
318,11572.954177856445
319,12747.872643470764
320,13355.521942138672
321,11524.789701461792
322,11991.154821395874
323,11039.351510047913
324,11620.435968399048
325,11346.125015258789
326,11503.730936050415
327,12096.368584632874
328,11459.89665555954
329,12185.625091552734
330,11583.239036560059
331,11787.704285621643
332,11597.724872589111
333,11561.578928947449
334,11930.40884590149
335,11658.403166770935
336,12246.248363494873
337,11787.572896957397
338,11623.376556396484
339,11268.4935131073
340,12690.622539520264
341,11445.359230041504
342,11381.438640594482
343,11341.47457408905
344,11533.09527015686
345,11810.970487594604
346,11934.816955566406
347,12135.72566986084
348,12276.16967201233
349,12729.250290870667
350,11439.466433525085
351,11446.930238723755
352,11658.254971504211
353,12074.851115226746
354,12866.677070617676
355,11601.6051197052
356,11186.962166786194
357,11820.477120399475
358,11347.124857902527
359,12138.275411605835
360,11871.492795944214
361,11408.123960494995
362,11382.486684799194
363,11279.676722049713
364,11225.432851791382
365,11188.145362854004
366,12122.060368537903
367,11221.472321510315
368,11631.048771858215
369,11471.366966247559
370,11925.54702949524
371,12031.266319274902
372,12262.584203720093
373,11977.807989120483
374,11640.137793540955
375,11228.041408538818
376,11313.335081100464
377,11368.204336166382
378,11351.94262123108
379,11336.102995872498
380,11734.656851768494
381,11584.353494644165
382,11282.317339897156
383,11081.2601852417
384,11441.383888244629
385,11398.754943847656
386,11030.576630592346
387,11126.35823726654
388,11594.207112312317
389,11315.6481924057
390,11581.994050979614
391,11312.473752975464
392,11672.453676700592
393,11763.905119895935
394,11345.596612930298
395,11765.454100608826
396,11362.491704940796
397,11746.694489479065
398,11958.681577682495
399,11722.555037498474
400,11352.03611946106
401,11168.91038608551
402,11280.082250118256
403,11604.840796470642
404,11376.235795021057
405,12205.848944664001
406,11217.354844093323
407,11418.18493270874
408,11205.600009918213
409,11176.388047218323
410,11544.643384933472
411,11785.579439163208
412,11679.709416389465
413,11319.28859615326
414,11547.530829429626
415,11241.36665725708
416,12150.439865112305
417,11326.059404373169
418,11413.552194595337
419,11499.250127792358
420,11965.703545570374
421,11425.293935775757
422,11354.11746931076
423,11055.873697280884
424,11512.659889221191
425,13552.685076713562
426,11114.712231636047
427,11385.367328643799
428,11423.12771320343
429,11072.04525756836
430,11122.83378982544
431,11706.62636756897
432,11005.616919517517
433,11388.112278938293
434,11385.467661857605
435,11194.02384853363
436,11509.292945861816
437,11312.21255350113
438,11582.949971199036
439,11476.363636016846
440,11092.859090805054
441,11598.139993667603
442,11065.131103515625
443,11153.007273674011
444,11375.914501667023
445,11119.80546951294
446,11026.572597026825
447,11242.487612724304
448,11194.775829315186
449,11243.995175361633
450,14838.825542449951
451,11109.954143047333
452,11359.426918029785
453,11230.760559082031
454,16416.851739883423
455,11487.345520019531
456,11546.185249328613
457,11727.04099559784
458,11966.98657798767
459,12337.919979095459
460,11255.501182556152
461,11365.571154594421
462,11095.989527702332
463,11073.158067703247
464,11439.683138370514
465,11008.107697486877
466,11530.262306213379
467,11693.470703125
468,11055.24003124237
469,12213.363364219666
470,11686.032009124756
471,11121.772583961487
472,12449.350646972656
473,11993.932847976685
474,13130.831727981567
475,11473.841927528381
476,11343.768419265747
477,12373.984456062317
478,11750.572403430939
479,11529.376144886017
480,11011.974189281464
481,11177.166915416718
482,11125.802470207214
483,11742.590600967407
484,12495.355576515198
485,11084.120738983154
486,11184.121758460999
487,11099.401112556458
488,11696.383745193481
489,11359.702998161316
490,11203.51583147049
491,11729.843811035156
492,10956.02966928482
493,11082.066182136536
494,10967.426810264587
495,11117.345202445984
496,11276.529071331024
497,10965.742389678955
498,11770.610278129578
499,11275.075867652893
500,11878.166167259216
501,11403.73186635971
502,11572.510514259338
503,11397.277481555939
504,11213.74678516388
505,10954.720807790756
506,11624.485577583313
507,10921.789874315262
508,11111.858697891235
509,10966.641647338867
510,11376.788607597351
511,11676.027926445007
512,11124.807088375092
513,12288.44981765747
514,11207.163090705872
515,11526.016533851624
516,11374.946356773376
517,11175.623762130737
518,11510.239537239075
519,11010.35183763504
520,11613.485816001892
521,10954.016771316528
522,11300.388326644897
523,11362.881618499756
524,11124.81810092926
525,11665.414121627808
526,11693.589267730713
527,11063.538649082184
528,11144.60813331604
529,11047.895370483398
530,11406.835465431213
531,11073.24948310852
532,11113.605074882507
533,11289.487692832947
534,11315.010104179382
535,11093.396427154541
536,11843.03025150299
537,10846.888332128525
538,11230.660597801208
539,11668.041418075562
540,11027.958779335022
541,11496.702308654785
542,12647.777612686157
543,11538.12242102623
544,11062.902354478836
545,11587.256658554077
546,11349.964975357056
547,10995.932568788528
548,11156.000462532043
549,11167.181135177612
550,11043.482720375061
551,11188.186627388
552,11228.156969547272
553,10875.405665874481
554,10999.6858355999
555,11637.734884262085
556,11280.213403701782
557,11054.430472373962
558,10956.523347377777
559,11324.221190929413
560,11195.064292430878
561,11086.057165622711
562,10903.993729114532
563,11036.094559669495
564,11060.649205207825
565,11185.791947603226
566,11831.510776042938
567,10994.362080931664
568,11040.999776363373
569,11099.61381649971
570,11279.619190692902
571,11774.824584960938
572,10883.32407283783
573,11113.663823127747
574,11211.549974918365
575,11170.094846725464
576,11024.7459897995
577,11318.198553085327
578,11007.383395671844
579,11587.967762947083
580,11221.234756946564
581,10963.734578609467
582,10890.853587150574
583,11518.50472688675
584,10994.550513267517
585,11036.727306842804
586,11130.82966041565
587,10961.362965583801
588,11187.254929542542
589,11036.488356113434
590,11881.83064365387
591,11098.55652809143
592,11191.4543466568
593,11213.430315732956
594,10899.406440019608
595,11085.68346452713
596,11779.722506523132
597,11178.51665019989
598,11625.936873435974
599,11304.518824338913
600,10929.862045407295
601,11346.703040122986
602,11008.449355840683
603,11379.115849018097
604,11217.44564127922
605,11083.425187826157
606,11048.766112327576
607,11165.949940681458
608,10945.923097968102
609,11105.999694824219
610,11160.091813087463
611,10998.717741012573
612,10820.173985481262
613,11431.28894996643
614,10968.927561163902
615,10975.79585313797
616,10972.681002616882
617,11244.375727176666
618,10938.5293674469
619,10909.059913635254
620,10966.232137203217
621,11504.4482421875
622,11031.566914319992
623,11706.318548202515
624,11440.40763759613
625,11068.834921836853
626,11128.958627700806
627,11290.13377213478
628,10893.158522844315
629,10975.701247692108
630,11489.16691493988
631,12707.566840171814
632,10983.786855220795
633,11243.560848236084
634,11578.236989021301
635,11008.669330358505
636,11676.948915481567
637,10962.500094413757
638,10859.905314445496
639,10932.867990732193
640,10885.636989355087
641,11092.837528705597
642,10871.918991446495
643,10900.843466997147
644,11055.267382621765
645,11023.290665626526
646,11196.568807601929
647,10981.122463226318
648,11143.155660629272
649,10964.393651485443
650,11350.133253097534
651,11010.838849544525
652,10961.025508403778
653,10979.382992744446
654,11988.349800109863
655,11000.518847465515
656,11144.19102716446
657,10888.77943700552
658,11477.096425771713
659,10948.072700500488
660,11084.015312433243
661,10996.783079147339
662,11023.73778617382
663,11090.676705360413
664,11303.77723121643
665,11473.533297538757
666,10967.565593242645
667,11010.52142047882
668,10888.68318259716
669,11118.832504272461
670,10982.465371608734
671,11381.619035720825
672,11002.570655345917
673,11037.011452674866
674,11081.127392292023
675,11275.409476995468
676,11179.959295749664
677,11222.283282279968
678,11004.069338321686
679,11219.991786241531
680,10918.882785975933
681,10902.682057142258
682,10948.598384857178
683,10915.667555570602
684,11163.568733513355
685,11118.337171554565
686,10957.485233902931
687,10871.648117303848
688,11058.889965355396
689,11087.341510772705
690,11212.893943071365
691,11033.413593888283
692,11006.194130659103
693,10839.434319853783
694,11205.509762883186
695,10938.559863686562
696,10998.666159152985
697,10978.464942991734
698,10879.961065769196
699,11645.751768350601
700,11284.491744041443
701,11351.475427150726
702,11146.947269439697
703,12405.229773521423
704,11146.49855196476
705,10933.738611221313
706,10862.137948513031
707,10858.391078948975
708,10918.525153636932
709,11306.047357559204
710,10942.960860490799
711,11010.945049285889
712,10895.21767950058
713,11087.461382865906
714,10784.511816680431
715,11051.488362312317
716,10841.717068195343
717,11221.25853306055
718,11123.879047393799
719,10887.811184227467
720,11088.29663670063
721,11110.043820858002
722,10929.839978814125
723,11080.035051345825
724,10834.78240275383
725,11232.273305892944
726,10841.235085487366
727,11050.207655906677
728,10926.764009773731
729,10793.446728944778
730,11361.382871627808
731,10912.015282988548
732,10887.888495922089
733,10886.443276762962
734,11071.601731777191
735,11020.416866779327
736,10961.599650382996
737,11122.676964759827
738,11024.23904800415
739,10906.345747113228
740,10829.322320222855
741,11165.272911310196
742,11356.342753887177
743,10853.90491104126
744,11082.132119178772
745,10901.749619960785
746,11561.744530677795
747,10959.527208566666
748,11105.61942768097
749,11541.954194784164
750,11016.301852226257
751,11034.216876029968
752,10824.608151078224
753,10894.581122875214
754,11073.098389148712
755,11004.205666303635
756,10880.612703800201
757,11070.198303699493
758,11151.457111120224
759,10878.991558790207
760,10905.216772556305
761,10908.935562133789
762,10874.41683793068
763,10852.782622337341
764,11073.975902080536
765,10850.456976413727
766,10871.28654718399
767,11188.319104671478
768,10891.176699995995
769,10962.02091985941
770,10892.13296699524
771,11041.784035682678
772,10975.765273571014
773,11198.081649780273
774,10928.113581418991
775,11425.174134612083
776,10814.343565225601
777,10850.557874321938
778,10869.146933078766
779,11190.399253487587
780,11305.454447746277
781,11076.120244026184
782,10866.4545211792
783,11030.294813156128
784,10931.405640125275
785,10913.38106918335
786,10919.59930741787
787,10934.080162286758
788,10925.635404706001
789,11084.75177025795
790,11498.597311496735
791,10917.284813642502
792,10978.561880111694
793,11272.23523235321
794,11116.357100009918
795,11014.842548429966
796,10814.580501258373
797,10945.04135131836
798,10905.841407775879
799,10978.412118434906
800,10855.627419888973
801,12539.199236989021
802,11083.48750591278
803,10840.79330432415
804,10852.87266176939
805,10948.957643508911
806,10760.909757554531
807,10869.640286922455
808,10841.579636096954
809,10987.948573172092
810,10836.141533017159
811,11353.057015895844
812,11557.840707302094
813,11156.776956558228
814,10830.745656490326
815,10876.405029535294
816,11018.207716464996
817,10848.936225414276
818,10954.124630451202
819,10882.379763841629
820,10937.063445210457
821,10913.05636548996
822,11015.606623768806
823,10817.441469430923
824,11275.376895904541
825,10903.54507470131
826,10879.740599155426
827,11058.972558617592
828,11014.664397716522
829,10831.795824050903
830,10837.594178676605
831,10903.42786192894
832,10886.410978794098
833,11307.320010781288
834,10815.901595234871
835,10815.24793457985
836,10854.385300278664
837,10963.919768929482
838,11047.1976583004
839,11129.467727184296
840,10873.876136541367
841,10907.378013670444
842,11127.690982103348
843,11031.623342514038
844,10853.88115286827
845,11757.28735113144
846,11201.35668849945
847,10883.3711643219
848,11175.16207832098
849,10868.341444551945
850,10860.24162721634
851,10813.849797964096
852,10985.14972436428
853,10948.280197739601
854,11243.769334435463
855,11007.194937944412
856,10966.554985046387
857,10910.356414556503
858,10925.1208319664
859,10869.680890202522
860,10995.982766628265
861,10817.523067235947
862,11276.721302986145
863,10820.221815347672
864,10893.958208620548
865,11388.81235575676
866,11190.129466950893
867,11087.283788740635
868,10938.081055879593
869,11017.74933719635
870,11245.248395562172
871,11273.036987304688
872,10863.530082702637
873,10874.970322012901
874,11022.486337423325
875,10941.511781692505
876,10856.47760796547
877,10930.635902643204
878,10784.443591117859
879,10848.726884543896
880,10922.234335899353
881,11048.202839314938
882,10891.611464977264
883,10886.864411592484
884,11013.673362255096
885,11183.825100421906
886,10890.410418510437
887,10833.528271436691
888,10845.341242790222
889,11152.03734922409
890,10971.882730960846
891,11102.441622972488
892,11011.072407722473
893,10886.787744522095
894,11095.304232776165
895,10897.52802658081
896,11175.209107875824
897,10898.725977897644
898,10885.885611832142
899,10925.332855463028
900,10819.761913836002
901,11250.73854970932
902,11138.472873449326
903,10827.985005140305
904,11019.565452814102
905,10800.238149642944
906,11176.216997385025
907,11255.456506729126
908,11454.170151889324
909,10898.497341811657
910,10800.090072631836
911,11200.593199253082
912,11035.460860729218
913,11096.175205945969
914,10782.761698246002
915,10844.922153949738
916,10978.397712230682
917,10819.81354522705
918,10951.511061429977
919,11368.160336732864
920,10891.378152132034
921,10961.46221446991
922,10839.821667671204
923,10857.101637482643
924,10833.962977528572
925,12643.453722953796
926,10792.19957959652
927,10957.758222341537
928,10853.340761184692
929,11215.953487873077
930,10829.174866437912
931,11311.335575342178
932,10956.823737382889
933,11193.98852610588
934,10784.849684476852
935,11139.559288263321
936,11644.01445388794
937,10923.522594928741
938,10800.301303625107
939,10922.871324539185
940,10907.793902039528
941,10790.971625804901
942,10829.426332235336
943,10895.607253789902
944,10816.313451170921
945,10785.543084144592
946,10843.286177515984
947,10814.204989433289
948,11094.178193092346
949,10815.768874168396
950,11090.015869617462
951,10930.748768985271
952,10864.201951503754
953,10867.589275836945
954,10805.264810800552
955,10898.441522836685
956,10932.613020181656
957,10843.709753036499
958,11103.597156822681
959,10998.82015132904
960,11042.197153568268
961,10878.151256084442
962,10750.191107273102
963,10776.598485469818
964,10868.494591593742
965,10867.01278746128
966,10816.015804767609
967,10867.261494874954
968,10799.915156364441
969,10790.719622731209
970,10931.2654337883
971,11132.58853149414
972,10948.442584991455
973,10810.063269495964
974,10797.169243812561
975,10845.855501651764
976,10995.416386961937
977,10872.013611793518
978,10786.416478276253
979,11222.884905576706
980,10784.943252325058
981,10848.937552690506
982,10815.848384320736
983,10819.079694032669
984,10880.009932935238
985,10973.8905210495
986,10965.092886567116
987,11576.327945709229
988,10938.925941467285
989,11459.136742711067
990,11015.020285665989
991,10880.85513663292
992,11178.435792446136
993,10793.237803459167
994,10785.82961165905
995,10757.508120536804
996,10959.972708940506
997,10815.953649044037
998,10824.868400812149
999,10816.525431156158
1000,10794.951640248299
1001,10775.017789721489
1002,10817.938196361065
1003,10834.756556034088
1004,10992.6255068779
1005,10813.973173379898
1006,10860.581725597382
1007,10991.828777074814
1008,10761.728518486023
1009,10764.136887311935
1010,10801.529378890991
1011,10821.318831443787
1012,10747.63999414444
1013,10836.846537590027
1014,10939.618389606476
1015,10833.563302755356
1016,10940.972133874893
1017,10731.016003131866
1018,10756.663661003113
1019,11102.562247395515
1020,10983.039056181908
1021,10754.918511390686
1022,10817.63374531269
1023,11133.588556170464
1024,10915.792406082153
1025,10805.518300533295
1026,10974.863768100739
1027,10778.247792243958
1028,10967.581344127655
1029,10845.235852718353
1030,10764.908665418625
1031,10949.913118600845
1032,10855.860410690308
1033,10965.805683135986
1034,10837.648478746414
1035,10839.361526846886
1036,10992.301779150963
1037,10837.620577573776
1038,10828.34336066246
1039,10906.182034611702
1040,11071.446335077286
1041,10816.41695857048
1042,10829.39090871811
1043,10808.842319488525
1044,10857.440464735031
1045,10855.443043708801
1046,11110.011152982712
1047,10852.513757824898
1048,10832.895476102829
1049,12026.097057521343
1050,11259.06973350048
1051,11112.299347162247
1052,10835.633235692978
1053,10877.366438567638
1054,10837.389128923416
1055,11356.658812403679
1056,10776.140406608582
1057,10860.63010931015
1058,10935.55503833294
1059,10803.933908462524
1060,11110.506510734558
1061,10925.023724496365
1062,10871.755356788635
1063,10764.89080619812
1064,10778.059522628784
1065,10832.35023099184
1066,11323.926939845085
1067,10825.580419182777
1068,11778.25971186161
1069,10858.260246038437
1070,10987.953550815582
1071,10963.50675368309
1072,10777.99237382412
1073,10784.829663515091
1074,10756.040375113487
1075,10759.130717515945
1076,10850.90829885006
1077,10796.923444271088
1078,10801.389817237854
1079,10804.307398557663
1080,10828.595739364624
1081,10767.913513183594
1082,10818.068081855774
1083,10790.518990039825
1084,10975.215821504593
1085,10752.908960819244
1086,10850.830775260925
1087,11154.066794633865
1088,10889.271644115448
1089,10802.888856172562
1090,10885.859671592712
1091,11061.636617660522
1092,11107.374203920364
1093,10781.839280366898
1094,10875.83360528946
1095,10788.956331253052
1096,10828.73462176323
1097,11046.889480113983
1098,11210.353016853333
1099,10848.792105674744
1100,11071.552357912064
1101,10852.392064929008
1102,10819.371140480042
1103,10804.294950246811
1104,10853.080195426941
1105,10756.75851547718
1106,10864.171877264977
1107,10823.356680750847
1108,10778.97128367424
1109,10888.312291383743
1110,11190.814973711967
1111,10786.05889415741
1112,10995.206651210785
1113,10926.795450806618
1114,10800.86897110939
1115,10738.679178237915
1116,10993.230047225952
1117,11314.995757579803
1118,11100.725107073784
1119,11101.484200000763
1120,10861.525775432587
1121,10949.756572246552
1122,10891.639931678772
1123,10991.21538901329
1124,10911.258417844772
1125,10851.151291370392
1126,10794.386096954346
1127,10901.0628221035
1128,10907.934960603714
1129,10842.680964946747
1130,10796.070450782776
1131,10942.457462072372
1132,10775.800298213959
1133,10774.693664073944
1134,10770.30381679535
1135,10731.301147937775
1136,10926.426543951035
1137,10834.587447464466
1138,11147.808463096619
1139,10882.870310902596
1140,10755.855005264282
1141,10902.590474367142
1142,11083.060754776001
1143,11334.53946352005
1144,10757.941097259521
1145,10840.968031287193
1146,10901.938292384148
1147,10896.461753845215
1148,10854.372528553009
1149,10818.20301246643
1150,10773.112642765045
1151,11001.574605464935
1152,10802.651886940002
1153,10850.253675460815
1154,10807.328091859818
1155,10778.588258743286
1156,10792.175962686539
1157,10778.610345363617
1158,10893.699333906174
1159,10896.26614189148
1160,10797.114322066307
1161,11288.681233406067
1162,10771.824164867401
1163,10743.638519406319
1164,10806.675127506256
1165,10790.131264448166
1166,10752.472866773605
1167,10903.917711257935
1168,10843.682187318802
1169,10835.610181331635
1170,10798.690318346024
1171,10837.580691337585
1172,10943.176820755005
1173,10788.372117877007
1174,10766.424052715302
1175,11007.260626077652
1176,10831.827733516693
1177,10782.709375858307
1178,10859.50393295288
1179,10795.400950670242
1180,10759.531420707703
1181,10796.509027600288
1182,10892.496082305908
1183,10980.219912528992
1184,10815.429112911224
1185,10796.275734186172
1186,10795.653629302979
1187,10744.418699979782
1188,10930.796442866325
1189,11224.607803225517
1190,10860.188408613205
1191,11878.923355400562
1192,10756.400361061096
1193,10818.280971169472
1194,10763.778587937355
1195,10903.822099089622
1196,10774.01742553711
1197,10753.035679340363
1198,10889.896612167358
1199,10890.216275691986
1200,10906.334484100342
1201,10767.262404799461
1202,10778.296471118927
1203,10874.211584568024
1204,10777.293316602707
1205,10767.921818494797
1206,10806.219660758972
1207,10743.177814483643
1208,10753.605501651764
1209,11042.458310127258
1210,10757.07121706009
1211,10873.24523639679
1212,10853.418275117874
1213,10901.043295741081
1214,10808.798876047134
1215,10741.633921861649
1216,10846.40387916565
1217,10837.959493160248
1218,10773.448389053345
1219,10993.09171628952
1220,10964.023907661438
1221,10857.76913356781
1222,10804.511366844177
1223,10824.55645108223
1224,10789.481121301651
1225,10778.306642532349
1226,10827.062602519989
1227,10793.224789619446
1228,10765.564052581787
1229,10780.661185741425
1230,11052.59750008583
1231,10780.120685338974
1232,10764.320315599442
1233,10771.497985959053
1234,10785.866601467133
1235,10780.13442993164
1236,11157.917113304138
1237,10805.512642502785
1238,11097.252561807632
1239,10780.686744213104
1240,10862.731246948242
1241,10786.210075080395
1242,10993.20407485962
1243,10780.142919063568
1244,10829.474402666092
1245,10820.646925926208
1246,10948.003490447998
1247,10734.994405031204
1248,11027.370350837708
1249,10761.682546257973
1250,10879.732320070267
1251,10902.782608032227
1252,10855.210197925568
1253,11039.459731578827
1254,10769.065451145172
1255,10795.362518310547
1256,10750.50479400158
1257,10910.430470705032
1258,10784.463721752167
1259,10888.15050125122
1260,10884.2138017416
1261,10925.88500404358
1262,10770.738101959229
1263,10921.535135030746
1264,10748.57984828949
1265,10737.40125387907
1266,10706.679902076721
1267,10792.67498588562
1268,10770.468648910522
1269,10786.29252231121
1270,11020.614062070847
1271,10749.65214896202
1272,10904.71792459488
1273,11151.667199373245
1274,10850.924638271332
1275,10810.048938393593
1276,10834.20813369751
1277,10825.87753868103
1278,10748.611271858215
1279,10873.999208211899
1280,11131.865201234818
1281,10788.222268819809
1282,11161.858695030212
1283,10763.073950767517
1284,10742.653035640717
1285,10856.209787607193
1286,10741.71218585968
1287,10790.302574396133
1288,10769.992780208588
1289,10884.10000705719
1290,10868.994364261627
1291,10801.270564079285
1292,10778.38345527649
1293,10997.340929031372
1294,10837.19371175766
1295,10733.398362159729
1296,11160.176124334335
1297,10962.809071779251
1298,10740.839360237122
1299,10783.82814693451
1300,10762.346002101898
1301,10778.054163873196
1302,10793.330619335175
1303,10738.428144454956
1304,10814.93974685669
1305,10747.195849895477
1306,10778.23739361763
1307,10883.271353244781
1308,10813.319120407104
1309,10812.721018791199
1310,10947.353175401688
1311,10768.745805978775
1312,10773.512614250183
1313,10774.903658866882
1314,10823.042873859406
1315,10752.83714389801
1316,10832.657161712646
1317,10729.34039592743
1318,10772.989494800568
1319,10743.290786504745
1320,10796.614793777466
1321,10914.204375267029
1322,10810.228306293488
1323,10756.690106391907
1324,10742.103148460388
1325,10756.433316230774
1326,10810.812176823616
1327,10836.640324115753
1328,11124.874297380447
1329,10711.392333984375
1330,10820.262693405151
1331,10739.117711544037
1332,10754.920644283295
1333,10738.669086575508
1334,10828.341638326645
1335,10796.82060432434
1336,10875.800792217255
1337,10942.711940288544
1338,10843.599885106087
1339,10763.799526810646
1340,10752.971739053726
1341,10868.724112033844
1342,10781.15811252594
1343,10719.151873350143
1344,10816.302310824394
1345,10763.626990318298
1346,10776.24882698059
1347,10810.661496639252
1348,10801.701484680176
1349,10860.52137184143
1350,11630.229249358177
1351,10817.37866973877
1352,10896.188934326172
1353,10804.122675418854
1354,10844.908869028091
1355,10857.541838407516
1356,10745.357416152954
1357,10807.427421092987
1358,10751.335042953491
1359,10743.225937843323
1360,10836.155941009521
1361,10835.238494873047
1362,10801.336398124695
1363,10873.097237110138
1364,10779.114970684052
1365,10773.406151771545
1366,10876.450711965561
1367,11103.24207186699
1368,10784.660717964172
1369,10762.777522087097
1370,10742.017745018005
1371,10878.182654738426
1372,11276.143378257751
1373,10784.766751766205
1374,10770.250621318817
1375,10762.024330496788
1376,10800.475493431091
1377,10898.667394638062
1378,10842.783705234528
1379,10737.25704908371
1380,10743.564729094505
1381,10770.524736762047
1382,10906.458302259445
1383,10774.909088492393
1384,10790.08309328556
1385,10778.570212841034
1386,10734.79909658432
1387,10736.44951915741
1388,10766.833620548248
1389,10817.126724600792
1390,10766.815265655518
1391,10753.575607299805
1392,10788.712010622025
1393,10734.880053758621
1394,11057.59458732605
1395,10922.897684812546
1396,10848.095494508743
1397,10761.761888504028
1398,10770.07583475113
1399,10751.68256521225
1400,10736.65080666542
1401,10861.102130413055
1402,10949.652728796005
1403,10738.966129541397
1404,10822.23043680191
1405,10817.27984714508
1406,10759.102126598358
1407,10795.035279750824
1408,10739.760292291641
1409,10782.922364234924
1410,11008.373599529266
1411,10849.60543346405
1412,10756.566349983215
1413,10746.120257377625
1414,10865.939686059952
1415,10803.26282787323
1416,11001.105188131332
1417,10770.081443786621
1418,10768.102816581726
1419,10914.954888820648
1420,10713.284983158112
1421,10739.03625202179
1422,10800.454821586609
1423,10772.794661521912
1424,10780.593595981598
1425,10918.909101963043
1426,10735.178602695465
1427,10752.912613391876
1428,10801.565762043
1429,10744.031668663025
1430,10744.025257587433
1431,10753.6279900074
1432,10740.695237636566
1433,10782.165054798126
1434,10831.170381069183
1435,10809.96016407013
1436,10749.7016415596
1437,10890.25190114975
1438,10748.836686968803
1439,10937.54043662548
1440,10817.094334363937
1441,10750.972798347473
1442,10769.292659759521
1443,10777.654400110245
1444,10832.710566043854
1445,10808.426585912704
1446,10736.346953868866
1447,10769.62532711029
1448,10772.289179325104
1449,10774.013837337494
1450,10733.155169963837
1451,10962.287679195404
1452,10772.65917301178
1453,10847.927794456482
1454,10890.61490547657
1455,10755.988824367523
1456,11230.265378117561
1457,10802.884795188904
1458,10782.821108102798
1459,10728.71225643158
1460,10750.528495073318
1461,10985.639121055603
1462,11145.063045501709
1463,10770.212804794312
1464,10818.474797010422
1465,10767.78375005722
1466,10901.031162977219
1467,10747.265443325043
1468,11000.025826931
1469,10772.781244277954
1470,10810.817984580994
1471,10790.478504180908
1472,10840.863946199417
1473,10773.086601257324
1474,10961.666540145874
1475,10801.866600036621
1476,10718.125723838806
1477,10903.49237537384
1478,10741.288653373718
1479,10752.232940673828
1480,10756.777597904205
1481,10835.680292129517
1482,10959.70706653595
1483,10712.100894927979
1484,10817.52648973465
1485,10729.825570106506
1486,10754.343827724457
1487,10747.163964271545
1488,10775.870545387268
1489,11012.429541110992
1490,10781.174513697624
1491,10816.30467748642
1492,10815.168060779572
1493,10758.69817495346
1494,10730.924182415009
1495,10923.994913101196
1496,10743.041024208069
1497,10735.800081253052
1498,10890.606890439987
1499,10761.831018924713
1500,10790.069707393646
1501,10750.592113733292
1502,10733.69315958023
1503,10758.46739244461
1504,10783.29515171051
1505,10752.707302093506
1506,10830.410985827446
1507,10940.427636623383
1508,10895.648022174835
1509,10740.528834939003
1510,10742.775023460388
1511,10745.437480926514
1512,10776.070545196533
1513,10744.339515209198
1514,10737.916755199432
1515,10741.261285305023
1516,10790.394726753235
1517,10768.791709899902
1518,10754.74482011795
1519,10763.366907119751
1520,10701.663055419922
1521,10890.511503219604
1522,10729.526767730713
1523,10795.374070167542
1524,10730.45119380951
1525,10789.951543807983
1526,10718.279331684113
1527,10835.878077030182
1528,10814.970936536789
1529,10778.55789065361
1530,10813.534428596497
1531,10737.597373485565
1532,10945.39637374878
1533,10732.262062549591
1534,10831.654733181
1535,10722.319634437561
1536,10778.046393156052
1537,10750.203039646149
1538,10776.402418613434
1539,10739.692332267761
1540,10752.22148513794
1541,10776.055872440338
1542,10715.423592090607
1543,10894.238025665283
1544,10748.188949108124
1545,11145.999917984009
1546,10860.721663713455
1547,10733.534202575684
1548,10756.08657693863
1549,10739.935562133789
1550,10744.107382774353
1551,10717.040042877197
1552,10789.115839004517
1553,10730.41611790657
1554,10802.165056705475
1555,10728.712313652039
1556,10745.269647359848
1557,10764.41165971756
1558,10746.837426185608
1559,10767.331195831299
1560,10742.95173215866
1561,11022.360642433167
1562,10777.051747322083
1563,10818.8657746315
1564,10843.476311087608
1565,10726.174489021301
1566,10736.136636257172
1567,10752.631591320038
1568,10767.877500295639
1569,10810.65359210968
1570,10807.565457344055
1571,10725.376561164856
1572,10751.826167106628
1573,10791.911379814148
1574,10746.585496902466
1575,10982.425916194916
1576,10718.7559633255
1577,10723.956709861755
1578,10709.154101371765
1579,10720.837391853333
1580,11021.773993968964
1581,10882.358402609825
1582,10922.49569272995
1583,10733.437432289124
1584,10856.86563539505
1585,10740.60760307312
1586,10786.680723190308
1587,10834.059710979462
1588,10711.102973937988
1589,10822.979808330536
1590,11070.368982553482
1591,10745.468565940857
1592,10778.905929088593
1593,10720.976161003113
1594,10806.619709014893
1595,10835.131430625916
1596,10728.420427322388
1597,10762.193502426147
1598,10749.592442035675
1599,10761.60858631134
1600,10819.884996414185
1601,10755.385868310928
1602,10774.5608959198
1603,10723.782567501068
1604,10761.03093624115
1605,10814.944502830505
1606,10720.196034908295
1607,10771.93560886383
1608,10956.803814411163
1609,10748.512651443481
1610,10767.018434524536
1611,10975.481876850128
1612,10728.697596549988
1613,10738.899056434631
1614,10716.978115081787
1615,10781.209686279297
1616,10712.398356437683
1617,10713.836068630219
1618,10723.714525699615
1619,10760.842491149902
1620,10766.232517719269
1621,10716.846179008484
1622,10742.884231567383
1623,10744.98648071289
1624,10899.820365905762
1625,10775.686661243439
1626,10721.910539627075
1627,10744.05756855011
1628,11391.599022865295
1629,10852.859638214111
1630,10758.578044891357
1631,10801.683407783508
1632,10778.210788726807
1633,10701.789452552795
1634,10723.586827754974
1635,10790.37679862976
1636,10792.499437332153
1637,10773.895861387253
1638,10736.39745092392
1639,10766.640640974045
1640,10759.68740606308
1641,10783.062717437744
1642,10726.262712478638
1643,10736.12610578537
1644,10777.026596069336
1645,10854.540367722511
1646,10904.49982213974
1647,10774.27408504486
1648,10731.74739742279
1649,10918.755190849304
1650,10769.721684455872
1651,10729.933651924133
1652,10897.74954032898
1653,10728.681723117828
1654,10744.101487159729
1655,10770.703853607178
1656,10722.868505001068
1657,10747.028706550598
1658,10731.191072940826
1659,10739.42489528656
1660,10805.155871391296
1661,10703.271434783936
1662,10781.077030181885
1663,10869.855143070221
1664,10717.187224388123
1665,10723.84368109703
1666,10825.600576400757
1667,10699.622652292252
1668,10730.406151294708
1669,10730.325850486755
1670,10730.256418824196
1671,10834.95334148407
1672,10723.76782989502
1673,10762.46056842804
1674,10712.462522506714
1675,10770.410480976105
1676,10734.077702522278
1677,10843.93461894989
1678,10870.045087337494
1679,10700.323265075684
1680,10780.78877067566
1681,10747.00039100647
1682,10852.537051200867
1683,10749.471027374268
1684,10787.685480594635
1685,10782.885958194733
1686,10751.171518325806
1687,10769.066340446472
1688,10729.752311706543
1689,10795.817646026611
1690,10724.366506576538
1691,10761.664886951447
1692,10726.834160804749
1693,10893.463685512543
1694,10711.4839553833
1695,10736.581239700317
1696,11377.701950073242
1697,10781.241196632385
1698,10712.766582489014
1699,10739.50093460083
1700,10739.263852119446
1701,10744.707776069641
1702,10751.774953365326
1703,10728.956926345825
1704,10774.236184597015
1705,10709.001700401306
1706,10897.73744392395
1707,10835.264910936356
1708,10735.377737045288
1709,10700.635306358337
1710,10763.905323982239
1711,10722.789665222168
1712,10726.982167720795
1713,10742.054348945618
1714,11020.391010761261
1715,10751.547514915466
1716,10763.326793670654
1717,10871.183220386505
1718,10746.644520759583
1719,10806.028743743896
1720,10807.927955627441
1721,10714.974967956543
1722,10904.485385894775
1723,10773.703619003296
1724,10783.952092170715
1725,10733.016757965088
1726,10718.845710754395
1727,10701.174621582031
1728,10704.89829158783
1729,10729.57603263855
1730,10770.055391311646
1731,10800.056417226791
1732,10861.711026668549
1733,10734.226828575134
1734,10868.280700683594
1735,10752.5168800354
1736,10759.138541221619
1737,10842.503785133362
1738,10785.473515510559
1739,10734.77459526062
1740,10709.608919143677
1741,10779.14280796051
1742,10847.641907691956
1743,10714.498413085938
1744,10819.6959400177
1745,10749.630229473114
1746,10794.018055915833
1747,10758.222800731659
1748,10705.26762008667
1749,10790.668694019318
1750,10812.197898387909
1751,10788.689403057098
1752,10702.119035720825
1753,10739.708906173706
1754,10787.209155082703
1755,10737.34353351593
1756,10706.732261657715
1757,10811.20954990387
1758,10742.997737765312
1759,10755.983901977539
1760,10747.423108100891
1761,10736.604826927185
1762,10723.321300506592
1763,10776.188415527344
1764,10876.68735074997
1765,10721.697812080383
1766,10752.396503448486
1767,10727.791589736938
1768,10910.291405200958
1769,10731.783555984497
1770,10738.47161436081
1771,10732.6091299057
1772,10774.610734939575
1773,10792.828988194466
1774,10723.429334640503
1775,10783.83610534668
1776,10768.368165969849
1777,10802.837196826935
1778,10759.587323188782
1779,10758.398112297058
1780,10789.427127838135
1781,10726.976832389832
1782,10711.616770744324
1783,10833.33183670044
1784,10814.769012451172
1785,10755.227953910828
1786,10800.134452581406
1787,10736.17111492157
1788,10735.768413543701
1789,10794.96056842804
1790,10748.329016685486
1791,10741.686274766922
1792,10716.544353485107
1793,10747.278644561768
1794,10702.898166656494
1795,10755.145324707031
1796,10739.804921627045
1797,10751.829061508179
1798,10727.027551651001
1799,10702.131175994873
1800,10757.101176261902
1801,10788.246596336365
1802,10779.434755325317
1803,10730.92721748352
1804,10840.04594707489
1805,10707.870611667633
1806,10731.139513015747
1807,10699.76968574524
1808,10913.709988594055
1809,10778.291647911072
1810,10740.164003372192
1811,10750.670851707458
1812,10728.582760810852
1813,10773.376605987549
1814,10889.162886619568
1815,10782.04977798462
1816,10745.252125263214
1817,10733.405624866486
1818,10734.030847549438
1819,10718.067017555237
1820,10794.547350883484
1821,10708.466207504272
1822,10717.410482406616
1823,10740.122055053711
1824,10743.431882858276
1825,10788.721625328064
1826,10730.620672225952
1827,10712.776510715485
1828,11239.576108455658
1829,10780.81733083725
1830,10762.43708896637
1831,10718.933779716492
1832,10800.851325035095
1833,10722.906309127808
1834,10789.081007003784
1835,10764.35637998581
1836,10765.437539577484
1837,10704.903581619263
1838,10709.473596096039
1839,10909.826784610748
1840,10815.29977798462
1841,10722.902671337128
1842,10729.552390098572
1843,10833.830822944641
1844,10738.430233955383
1845,10731.76533317566
1846,10742.122653007507
1847,10735.236101150513
1848,10706.244821071625
1849,10736.768005371094
1850,10757.515830993652
1851,10834.76693534851
1852,10751.979581832886
1853,10714.748607635498
1854,10720.006713867188
1855,10715.424207687378
1856,10839.893301010132
1857,10722.517850875854
1858,10789.285305976868
1859,10752.395416259766
1860,10718.973618507385
1861,10835.401504516602
1862,10734.792514801025
1863,10850.287405014038
1864,10717.472408294678
1865,10744.712672233582
1866,10735.646832466125
1867,10715.021478652954
1868,10758.076008796692
1869,10808.481782913208
1870,10784.28003168106
1871,10737.2898645401
1872,10720.046841621399
1873,10853.520734786987
1874,10708.493034362793
1875,10981.572105884552
1876,10739.504813194275
1877,10719.463237762451
1878,10807.982981920242
1879,10765.229348182678
1880,10719.401866436005
1881,10747.591271877289
1882,10778.28236579895
1883,10852.009663105011
1884,10775.916560173035
1885,10763.143737792969
1886,10799.651640892029
1887,10732.273385047913
1888,10782.719265937805
1889,10742.969518661499
1890,10754.486453056335
1891,10758.987646102905
1892,10734.016381263733
1893,10755.498080253601
1894,10814.948330879211
1895,10776.507927417755
1896,10766.118110656738
1897,10779.991060733795
1898,10753.172594070435
1899,10724.283157348633
1900,10723.054812431335
1901,10904.151874542236
1902,10715.346822738647
1903,10737.121720790863
1904,10779.85105752945
1905,10861.602598190308
1906,10726.998198509216
1907,10751.741146087646
1908,10748.629930496216
1909,10714.065739631653
1910,11027.003962516785
1911,10730.847707748413
1912,10739.899974822998
1913,10724.168841362
1914,10743.224125385284
1915,10785.144866466522
1916,10725.530468463898
1917,10835.972276687622
1918,10734.183836221695
1919,10721.772443294525
1920,10705.342560768127
1921,10859.862575531006
1922,10721.626397132874
1923,10755.799751281738
1924,10723.260973930359
1925,10744.442098617554
1926,10715.037404060364
1927,10745.077540397644
1928,10740.017208576202
1929,10746.262749671936
1930,10778.153424263
1931,10714.04904460907
1932,10902.343361854553
1933,10777.846279144287
1934,10775.000527381897
1935,10717.681468963623
1936,10707.635311126709
1937,10740.954303741455
1938,10703.127136230469
1939,10703.985199928284
1940,10722.076251983643
1941,10775.64201784134
1942,10714.579204559326
1943,10748.18017244339
1944,10747.148711204529
1945,10769.616910934448
1946,10722.933012008667
1947,10730.912910461426
1948,10797.575351953506
1949,10730.841093063354
1950,10709.097999334335
1951,10707.712180137634
1952,10784.90589094162
1953,10712.098847866058
1954,10762.828192710876
1955,10856.12721157074
1956,10800.904037475586
1957,10767.360381126404
1958,10716.625420570374
1959,10815.571789741516
1960,10731.495473861694
1961,10727.366515159607
1962,10696.328203201294
1963,10700.548274755478
1964,10716.372554779053
1965,10698.180738449097
1966,10726.518096446991
1967,10746.1439037323
1968,10723.95341014862
1969,10746.139998435974
1970,10867.706872940063
1971,10742.783150672913
1972,10853.819705963135
1973,10720.426966667175
1974,10719.404529571533
1975,10737.821553230286
1976,10773.811354637146
1977,10708.212253570557
1978,10814.273634910583
1979,10807.277982711792
1980,10808.409447669983
1981,10829.805441856384
1982,10785.069075584412
1983,10737.950622320175
1984,10836.11752986908
1985,10729.2462682724
1986,10732.902348518372
1987,10726.009804725647
1988,10742.164548873901
1989,10718.60723733902
1990,10885.900870800018
1991,10753.00654220581
1992,10747.876514434814
1993,10805.537801742554
1994,10748.55269575119
1995,10708.665958404541
1996,10708.722290039062
1997,10720.328642845154
1998,10726.369813919067
1999,10768.433547019958
2000,10737.311036586761
2001,10717.346718788147
2002,10732.647894859314
2003,10755.424025535583
2004,10736.182209014893
2005,10717.79081916809
2006,10754.45230293274
2007,10735.195617675781
2008,10728.272403717041
2009,10720.891523361206
2010,10761.526378631592
2011,10766.947891235352
2012,10729.474298477173
2013,11097.788918972015
2014,10724.480922698975
2015,10722.615452289581
2016,10711.026935577393
2017,10703.784059524536
2018,10717.667604446411
2019,10728.061553001404
2020,10712.423155784607
2021,10786.103419303894
2022,10754.238871574402
2023,10740.025230407715
2024,10716.751452445984
2025,10700.024351119995
2026,10760.088298797607
2027,10711.032138824463
2028,10709.0519323349
2029,10720.82049036026
2030,10955.339391708374
2031,10726.602171897888
2032,10790.150232315063
2033,10771.566814422607
2034,10723.196721076965
2035,10706.375039100647
2036,10706.430599212646
2037,10703.296283721924
2038,10711.376920700073
2039,10767.374289512634
2040,10718.082874298096
2041,10750.612800598145
2042,10734.59239768982
2043,10716.26275062561
2044,10723.864681243896
2045,10744.153450965881
2046,10707.82412147522
2047,10750.257825374603
2048,10739.116903305054
2049,10720.202917098999
2050,10742.628884792328
2051,10791.734355926514
2052,10792.992172241211
2053,10848.385981559753
2054,10739.666439294815
2055,10712.201835632324
2056,10704.771102905273
2057,10852.215887069702
2058,10827.972908973694
2059,10883.583306312561
2060,10713.607610702515
2061,10714.349597930908
2062,10712.034889221191
2063,10727.18730354309
2064,10721.519265651703
2065,10717.684356689453
2066,10690.008472442627
2067,10701.640632629395
2068,10748.348243713379
2069,10728.24603843689
2070,10722.562648296356
2071,10713.305948257446
2072,10759.816679000854
2073,10728.23041343689
2074,10731.283597946167
2075,10697.433155059814
2076,10727.27868938446
2077,10711.80598449707
2078,10713.155168533325
2079,10712.561237812042
2080,10757.845722198486
2081,10723.059558868408
2082,10783.350140213966
2083,10704.020651817322
2084,10704.354719161987
2085,10728.661769866943
2086,10795.711359500885
2087,10724.667574882507
2088,10727.484715461731
2089,10708.603886604309
2090,10709.057146072388
2091,10736.712757110596
2092,10742.538112521172
2093,10733.739952087402
2094,10742.853534698486
2095,10719.072041511536
2096,10703.720944404602
2097,10708.922373771667
2098,10777.406339645386
2099,10720.445837974548
2100,10747.659556388855
2101,10767.648232460022
2102,10715.837542533875
2103,10700.733593940735
2104,10787.03217792511
2105,10699.720687866211
2106,10729.710401535034
2107,10712.758926391602
2108,10709.400350570679
2109,10707.469621658325
2110,10728.15090560913
2111,10709.586913108826
2112,10719.150003433228
2113,10732.430906295776
2114,10751.99995803833
2115,10716.487962722778
2116,10700.50245475769
2117,10694.163921356201
2118,10745.566892623901
2119,10712.974717140198
2120,10725.920279502869
2121,10741.039951324463
2122,10744.233231544495
2123,10717.387204170227
2124,10701.871088981628
2125,10719.625222206116
2126,10705.017883300781
2127,10730.098729133606
2128,10730.890511512756
2129,10734.97604751587
2130,10723.85438156128
2131,10715.438219547272
2132,10721.653859138489
2133,10738.347424507141
2134,10731.082571983337
2135,10707.391799926758
2136,10715.478154182434
2137,10893.94089794159
2138,10696.212122917175
2139,10734.87034034729
2140,10746.347841739655
2141,10775.836673736572
2142,10728.155378341675
2143,10729.870999336243
2144,10705.739750862122
2145,10715.4750289917
2146,10721.599213600159
2147,10716.05439710617
2148,10725.290859222412
2149,10699.128772735596
2150,10709.442903518677
2151,10842.60289478302
2152,10708.804615974426
2153,10710.110522270203
2154,10737.585950136185
2155,10695.635168075562
2156,10722.213317871094
2157,10809.742490768433
2158,10942.154792785645
2159,10705.91564655304
2160,10933.952216148376
2161,10746.273578643799
2162,10728.176200389862
2163,10762.94121170044
2164,10763.440744400024
2165,10717.829364776611
2166,10827.621481895447
2167,10720.757479667664
2168,10780.99700164795
2169,10703.347946166992
2170,10730.52026462555
2171,10791.67174911499
2172,10730.073512554169
2173,10743.819026470184
2174,10727.467948913574
2175,10700.009284973145
2176,10722.602798461914
2177,10703.528756141663
2178,10726.377826690674
2179,10729.420185089111
2180,10709.736210823059
2181,10728.101439476013
2182,10710.950412750244
2183,10716.878119468689
2184,10880.396579742432
2185,10809.735261917114
2186,10698.234233856201
2187,10697.296396255493
2188,10709.380339622498
2189,10745.127479553223
2190,10729.457551002502
2191,10704.5270652771
2192,10739.437280654907
2193,10732.978253364563
2194,10779.209649085999
2195,10752.103910446167
2196,10725.582633972168
2197,10717.61636543274
2198,10726.907413482666
2199,10700.756015777588
2200,10751.762184143066
2201,10779.988357543945
2202,10709.064897537231
2203,10704.819675445557
2204,10695.883394241333
2205,10710.929531097412
2206,10723.792917251587
2207,10887.871256828308
2208,10713.537973880768
2209,10712.38319683075
2210,10705.020034790039
2211,10703.276285171509
2212,10750.562868118286
2213,10719.12688446045
2214,10785.866575717926
2215,10740.6512966156
2216,10743.42354106903
2217,10753.264805793762
2218,10698.063371658325
2219,10795.544627189636
2220,10727.61275100708
2221,10726.35262298584
2222,10776.642086029053
2223,10715.542462348938
2224,10710.17391204834
2225,10718.136904716492
2226,10694.60535621643
2227,10830.759612083435
2228,10746.194906234741
2229,10798.320987701416
2230,10703.046931266785
2231,10726.987504959106
2232,10703.91402053833
2233,10708.704458236694
2234,10709.667140960693
2235,10758.060853004456
2236,10734.540958404541
2237,10904.144128799438
2238,10752.111919403076
2239,10765.078968048096
2240,10749.756164550781
2241,10711.585298538208
2242,10767.760453224182
2243,10699.85567855835
2244,10712.06022977829
2245,10715.317178726196
2246,10727.19654083252
2247,10751.80600643158
2248,10703.97096824646
2249,10707.948174476624
2250,10714.783129692078
2251,10735.761064529419
2252,10723.559070587158
2253,10723.005939483643
2254,10718.623008728027
2255,10707.378087997437
2256,10718.319400787354
2257,10727.244625091553
2258,10726.831119060516
2259,10712.868337631226
2260,10784.603572845459
2261,10723.836426734924
2262,10720.723592281342
2263,10694.44533443451
2264,10696.733202934265
2265,10747.37059211731
2266,10739.338659286499
2267,10753.560128211975
2268,10747.640762329102
2269,10719.573182106018
2270,10696.507577896118
2271,10751.874695777893
2272,10770.677614212036
2273,10795.866764068604
2274,10721.816498756409
2275,10743.845851898193
2276,10826.751255989075
2277,10710.929998397827
2278,10713.231271743774
2279,10727.417132377625
2280,10749.170651435852
2281,10709.522840499878
2282,10706.36709022522
2283,10726.85435295105
2284,10703.88252067566
2285,10873.790382385254
2286,10751.018642425537
2287,10712.820900917053
2288,10703.564354896545
2289,10797.455671310425
2290,10729.576566696167
2291,10716.481214046478
2292,10696.018117904663
2293,10739.615955352783
2294,10722.163451194763
2295,10701.999554634094
2296,10759.631001472473
2297,10769.497684955597
2298,10722.258710861206
2299,10740.114338874817
2300,10712.680241584778
2301,10715.563310623169
2302,10697.414613723755
2303,10743.610655784607
2304,10715.99912071228
2305,10706.575414657593
2306,10735.93587589264
2307,10712.651094436646
2308,10735.10687828064
2309,10718.88271188736
2310,10707.901438713074
2311,10730.738797187805
2312,10710.449976921082
2313,10821.862229347229
2314,10726.782356262207
2315,10724.596336364746
2316,10731.705745697021
2317,10706.07717037201
2318,10734.24633216858
2319,10707.371297836304
2320,10769.240879058838
2321,10707.092848777771
2322,10694.84302520752
2323,10709.600225448608
2324,10714.944291114807
2325,10704.941301822662
2326,10711.265316009521
2327,10819.247433662415
2328,10703.293518066406
2329,10785.913462162018
2330,10788.792798995972
2331,10828.427830696106
2332,10774.03035736084
2333,10721.674667358398
2334,10756.292875289917
2335,10795.570342540741
2336,10703.059396743774
2337,10727.382061004639
2338,10708.218404769897
2339,10744.638208389282
2340,10716.928037643433
2341,10698.078769683838
2342,10698.203377723694
2343,10749.926266670227
2344,10726.614589691162
2345,10730.652542114258
2346,10721.313108444214
2347,10764.016607284546
2348,10711.303146362305
2349,10736.836700439453
2350,10840.313601970673
2351,10698.697370529175
2352,10708.718280792236
2353,10713.573713302612
2354,10692.60115814209
2355,10710.547603607178
2356,10767.751049995422
2357,10692.606677055359
2358,10706.331623077393
2359,10713.265542984009
2360,10715.44361114502
2361,10707.87222290039
2362,10705.611054420471
2363,10708.011235952377
2364,10708.437448501587
2365,10707.489630699158
2366,10736.04873085022
2367,10712.061484336853
2368,10776.663437843323
2369,10727.31722354889
2370,10866.345485687256
2371,10724.801582336426
2372,10763.960203170776
2373,10834.232557296753
2374,10709.607507705688
2375,10723.17529964447
2376,10694.761365890503
2377,10779.55906009674
2378,10693.612693786621
2379,10767.928535461426
2380,10737.050930976868
2381,10691.82377243042
2382,10707.349112510681
2383,10703.767428398132
2384,10704.831999778748
2385,10820.743552207947
2386,10704.969470024109
2387,11126.880898475647
2388,10702.267161369324
2389,10724.569610118866
2390,10841.200325489044
2391,10694.175075531006
2392,10719.974239349365
2393,10708.846227645874
2394,10693.502493858337
2395,10890.255823135376
2396,10708.341249465942
2397,10734.784122467041
2398,10710.508205413818
2399,10708.442688941956
2400,10730.0404586792
2401,10714.525113105774
2402,10695.25495147705
2403,10722.321318626404
2404,10796.422570228577
2405,10702.646062850952
2406,10723.066439628601
2407,10714.663877487183
2408,10710.849851608276
2409,10717.73373222351
2410,10720.627812385559
2411,10697.276407241821
2412,10712.902687072754
2413,10789.271545410156
2414,10696.663878440857
2415,10706.226170539856
2416,10872.123447418213
2417,10758.86874294281
2418,10810.039423942566
2419,10698.064043045044
2420,10783.059627532959
2421,10702.151159286499
2422,10701.495405197144
2423,10714.57408618927
2424,10718.799783706665
2425,10717.338274002075
2426,10717.112222671509
2427,10710.447936058044
2428,10716.995065689087
2429,10697.203569412231
2430,10707.09269618988
2431,10701.530897140503
2432,10703.47088098526
2433,10836.290143013
2434,10752.205044746399
2435,10700.483101844788
2436,10851.272747039795
2437,10701.096841812134
2438,10723.56286907196
2439,10707.843337059021
2440,10699.13053035736
2441,10748.995779037476
2442,10708.26268863678
2443,10841.254472732544
2444,10700.347721099854
2445,10731.325891017914
2446,10698.268082618713
2447,10750.572674751282
2448,10708.117822647095
2449,10719.4789352417
2450,10933.535186767578
2451,10707.284821510315
2452,10688.360453605652
2453,10732.55506515503
2454,10720.531464576721
2455,10722.523822784424
2456,10723.650890350342
2457,10734.830468177795
2458,10884.30202960968
2459,10710.64863204956
2460,10694.530174255371
2461,10827.02862739563
2462,10700.05834388733
2463,10698.134857177734
2464,10723.753623962402
2465,10713.063966751099
2466,10761.643802642822
2467,10808.814970970154
2468,10725.744047164917
2469,10696.23625087738
2470,10707.306091308594
2471,10737.614783287048
2472,10718.014520645142
2473,10740.984052658081
2474,10716.227585792542
2475,10710.063303947449
2476,10715.827544212341
2477,10740.263816833496
2478,10763.36180305481
2479,10700.895325660706
2480,10780.095824241638
2481,10744.298657417297
2482,10709.420223236084
2483,10701.705616950989
2484,10697.740808486938
2485,10749.703181266785
2486,10704.14996623993
2487,10714.548292160034
2488,10720.305710792542
2489,10693.27696609497
2490,10757.41582107544
2491,10713.842252731323
2492,10690.704051017761
2493,10711.440172195435
2494,10706.769267082214
2495,10702.593780517578
2496,10719.784692764282
2497,10686.740098953247
2498,10756.638390541077
2499,10724.38562297821
2500,10695.795682907104
2501,10743.16658782959
2502,10720.621618270874
2503,10710.300100326538
2504,10714.093620300293
2505,10714.030776977539
2506,10721.962958335876
2507,10733.91847896576
2508,10701.462222099304
2509,10700.934522628784
2510,10708.81704711914
2511,10808.65090560913
2512,10719.359127044678
2513,10736.912776947021
2514,10806.981895446777
2515,10721.464107513428
2516,10717.087538719177
2517,10767.090663909912
2518,10760.930934906006
2519,10699.942666053772
2520,10713.168004989624
2521,10811.337194442749
2522,10755.966327667236
2523,10697.656211853027
2524,10718.619239807129
2525,10711.190360069275
2526,10724.037908554077
2527,10699.443748474121
2528,10723.649433135986
2529,10710.00431728363
2530,10749.909189224243
2531,10691.273264884949
2532,10705.890193939209
2533,10742.951333999634
2534,10711.204708576202
2535,10714.189681053162
2536,10742.50910282135
2537,10709.88720703125
2538,10701.221492767334
2539,10702.869634628296
2540,10714.30422592163
2541,10723.40434551239
2542,10697.164534568787
2543,10722.189319610596
2544,10724.999468803406
2545,10702.948475837708
2546,10743.315475463867
2547,10703.265804290771
2548,10707.139761924744
2549,10716.755470275879
2550,10713.53788471222
2551,10738.283410072327
2552,10726.838948249817
2553,10714.699000358582
2554,10782.018640518188
2555,10763.008335113525
2556,10702.545808792114
2557,10724.568205833435
2558,10716.513192176819
2559,10708.526147842407
2560,10798.548398971558
2561,10693.53279876709
2562,10728.819023132324
2563,10703.778188705444
2564,10719.027627944946
2565,10710.761140823364
2566,10720.58507156372
2567,10736.46588230133
2568,10703.925203323364
2569,10691.800899505615
2570,10703.848691940308
2571,10767.685766220093
2572,10704.786516189575
2573,10702.969305038452
2574,10704.570142745972
2575,10876.370057106018
2576,10706.63853931427
2577,10732.034391403198
2578,10732.463987350464
2579,10735.669918060303
2580,10713.415053367615
2581,10762.746829986572
2582,10698.120069503784
2583,10731.259979248047
2584,10808.907307624817
2585,10704.564674377441
2586,10718.955123901367
2587,10707.736673355103
2588,10711.848980426788
2589,10714.233179092407
2590,10687.647931098938
2591,10767.074224472046
2592,10720.391529083252
2593,10709.629008293152
2594,10701.10405921936
2595,10748.891419410706
2596,10709.30848121643
2597,10696.974884033203
2598,10703.001449584961
2599,10700.542608261108
2600,10770.742040634155
2601,10720.734400749207
2602,10752.233310699463
2603,10716.657465934753
2604,10697.583355903625
2605,10758.260911941528
2606,10707.664640426636
2607,10697.932586669922
2608,10725.265763282776
2609,10723.95168209076
2610,10704.420719146729
2611,10774.122433662415
2612,10716.177381515503
2613,10726.17238998413
2614,10727.772281646729
2615,10714.518869400024
2616,10746.426432609558
2617,10698.589050292969
2618,10695.651849746704
2619,10697.340527534485
2620,10717.116281986237
2621,10709.719360351562
2622,10721.074039459229
2623,10744.117010116577
2624,10734.383075714111
2625,10742.668399810791
2626,10706.007022857666
2627,10701.839575767517
2628,10721.47264957428
2629,10715.12391090393
2630,10716.458581924438
2631,10706.855819702148
2632,10739.418478012085
2633,10696.939809799194
2634,10705.760976791382
2635,10723.543869972229
2636,10702.72269153595
2637,10704.23772239685
2638,10707.6664352417
2639,10746.200183868408
2640,10735.44988822937
2641,10711.828531265259
2642,10729.00951385498
2643,10706.973226547241
2644,10708.271942138672
2645,10707.970600128174
2646,10705.639650344849
2647,10697.348503112793
2648,10752.598085403442
2649,10703.999242782593
2650,10698.180505752563
2651,10730.563241958618
2652,10707.988508701324
2653,10701.008600234985
2654,10754.838746070862
2655,10710.331244945526
2656,10692.665260314941
2657,10697.642806053162
2658,10704.332727432251
2659,10714.830072402954
2660,10699.021677017212
2661,10723.412302970886
2662,10695.693578720093
2663,10714.31177520752
2664,10768.921813964844
2665,10711.177254676819
2666,10731.971771240234
2667,10705.52305984497
2668,10695.140153884888
2669,10733.331070899963
2670,10737.928916931152
2671,10803.779433250427
2672,10705.876239776611
2673,10726.456720352173
2674,10699.922908782959
2675,10727.850464820862
2676,10761.386407852173
2677,10707.922891616821
2678,10699.12721824646
2679,10706.30982208252
2680,10725.82036781311
2681,10735.227613449097
2682,10693.713521957397
2683,10735.164649009705
2684,10701.620016098022
2685,10757.760132789612
2686,10700.775531768799
2687,10695.48661994934
2688,10699.60366821289
2689,10709.424856185913
2690,10711.157614707947
2691,10692.251022338867
2692,10750.985783576965
2693,10757.991951942444
2694,10697.177696228027
2695,10722.252241134644
2696,10702.332874298096
2697,10765.990564346313
2698,10730.973664283752
2699,10732.547696113586
2700,10809.799283027649
2701,10730.01155948639
2702,10738.653137207031
2703,10708.83551120758
2704,10747.546184539795
2705,10729.900995254517
2706,10715.45701122284
2707,10836.39507484436
2708,10711.21380329132
2709,10759.525712013245
2710,10798.708885192871
2711,10704.025701522827
2712,10731.230052947998
2713,10702.400072097778
2714,10707.144583702087
2715,10716.768909454346
2716,10719.161269187927
2717,10713.294794082642
2718,10696.942624092102
2719,10708.425582885742
2720,10754.571988105774
2721,10714.235692977905
2722,10704.242357254028
2723,10719.929668426514
2724,10746.648056030273
2725,10696.734419822693
2726,10706.69669342041
2727,10710.515365600586
2728,10740.513204574585
2729,10695.737022399902
2730,10725.37359905243
2731,10712.13228225708
2732,10697.126247406006
2733,10710.706585884094
2734,10703.496433258057
2735,10942.783911705017
2736,10719.165380477905
2737,10700.15001487732
2738,10699.113820075989
2739,10722.852113723755
2740,10696.13182258606
2741,10702.113865852356
2742,10715.168615341187
2743,10733.059308052063
2744,10694.985145568848
2745,10822.961811065674
2746,10756.168284416199
2747,10707.23716545105
2748,10700.63436126709
2749,10794.078943252563
2750,10707.239305496216
2751,10720.676259994507
2752,10704.095209121704
2753,10746.96413230896
2754,10705.999053955078
2755,10919.323533058167
2756,10726.034603118896
2757,10693.858242034912
2758,10696.681629180908
2759,10697.811220169067
2760,10689.175526618958
2761,10706.547595024109
2762,10694.073921203613
2763,10691.707702636719
2764,10719.805139541626
2765,10690.49953842163
2766,10724.886315345764
2767,10692.740594863892
2768,10702.52212715149
2769,10700.458103179932
2770,10710.35503578186
2771,10697.627206802368
2772,10694.85860824585
2773,10722.58085823059
2774,10694.986164093018
2775,10746.491143226624
2776,10696.960540771484
2777,10715.726900100708
2778,10707.806471824646
2779,10702.563529968262
2780,10700.193063735962
2781,10768.316376686096
2782,10794.016510009766
2783,10813.23978805542
2784,10685.023559570312
2785,10699.962423324585
2786,10688.766841888428
2787,10700.608890533447
2788,10744.570262908936
2789,10694.521122932434
2790,10710.151997566223
2791,10701.789854049683
2792,10845.593274116516
2793,10701.87009048462
2794,10722.19333267212
2795,10705.593027114868
2796,10734.0366563797
2797,10741.57974243164
2798,10735.652995109558
2799,10696.569087982178
2800,10746.89956855774
2801,10705.689123153687
2802,10707.17166519165
2803,10699.03758430481
2804,10689.060121536255
2805,10701.10877418518
2806,10699.041952133179
2807,10698.20803451538
2808,10705.342504501343
2809,10706.96071434021
2810,10698.858026504517
2811,10698.136037826538
2812,10700.432846069336
2813,10702.083918571472
2814,10698.63550376892
2815,10726.906456947327
2816,10701.971981048584
2817,10698.205354690552
2818,10695.663917541504
2819,10704.629535675049
2820,10691.624627113342
2821,10702.253522872925
2822,10769.753633499146
2823,10693.920298099518
2824,10699.610403060913
2825,10709.059125900269
2826,10717.544856071472
2827,10699.521456718445
2828,10692.464948654175
2829,10766.7250289917
2830,10701.296265602112
2831,10693.54105091095
2832,10701.294089317322
2833,10710.903497695923
2834,10705.66921043396
2835,10694.844993591309
2836,10698.561017990112
2837,10851.451558113098
2838,10734.751386642456
2839,10717.365265846252
2840,10714.851280212402
2841,10705.05401802063
2842,10694.907485961914
2843,10726.831719398499
2844,10734.629349708557
2845,10707.171818256378
2846,10709.505199432373
2847,10740.6945810318
2848,10692.207847595215
2849,10699.991212844849
2850,10718.37522315979
2851,10744.152214050293
2852,10742.629867553711
2853,10715.338115692139
2854,10704.474199295044
2855,10715.398042678833
2856,10719.026576042175
2857,10792.41457271576
2858,10701.574138641357
2859,10705.506912231445
2860,10720.47870349884
2861,10718.089953422546
2862,10700.019172668457
2863,10691.852794647217
2864,10710.59158706665
2865,10703.01547908783
2866,10695.975854873657
2867,10712.695141792297
2868,10741.972152709961
2869,10698.856335639954
2870,10691.099952697754
2871,10763.020687103271
2872,10716.827465057373
2873,10703.377338409424
2874,10716.55354976654
2875,10735.849786758423
2876,10704.038828849792
2877,10729.32623910904
2878,10712.877919197083
2879,10771.356121063232
2880,10690.642824172974
2881,10693.33654499054
2882,10694.54930305481
2883,10841.237177848816
2884,10769.932823181152
2885,10693.75438117981
2886,10732.651517868042
2887,10707.769642829895
2888,10699.743079185486
2889,10709.813630104065
2890,10693.106159210205
2891,10696.269004821777
2892,10776.373456001282
2893,10711.854271888733
2894,10693.887390136719
2895,10700.778413772583
2896,10749.81682395935
2897,10700.924331665039
2898,10713.6543674469
2899,10704.583869934082
2900,10728.935339927673
2901,10888.255469322205
2902,10746.333444595337
2903,10693.68578529358
2904,10703.81463432312
2905,10716.460053443909
2906,10779.286600112915
2907,10701.673592567444
2908,10694.200845718384
2909,10712.526142120361
2910,10713.926253318787
2911,10722.98990726471
2912,10697.521984100342
2913,10715.78930091858
2914,10736.882755279541
2915,10724.404483795166
2916,10795.479592323303
2917,10709.1032371521
2918,10748.209087371826
2919,10712.015306472778
2920,10702.776042938232
2921,10717.789030075073
2922,10704.633602142334
2923,10699.757293701172
2924,10698.124693870544
2925,10706.879331588745
2926,10700.673795700073
2927,10719.537088394165
2928,10878.65507221222
2929,10693.256601333618
2930,10745.339710235596
2931,10738.776300430298
2932,10692.291516304016
2933,10696.653248786926
2934,10756.68228149414
2935,10734.517356872559
2936,10702.71597290039
2937,10745.548002243042
2938,10701.769762992859
2939,10722.144309997559
2940,10782.395533561707
2941,10699.55152130127
2942,10703.293647766113
2943,10712.449356079102
2944,10708.112007141113
2945,10730.199041366577
2946,10702.072118759155
2947,10712.852792739868
2948,10705.804964065552
2949,10702.28544807434
2950,10707.70809173584
2951,10816.436372756958
2952,10690.833255767822
2953,10713.888566970825
2954,10710.230207443237
2955,10718.18358039856
2956,10697.38710975647
2957,10714.449383735657
2958,10708.53829574585
2959,10716.46983909607
2960,10752.10855293274
2961,10702.793383598328
2962,10752.598129272461
2963,10702.082690238953
2964,10697.812591552734
2965,10715.28865146637
2966,10721.766784667969
2967,10725.659540176392
2968,10727.764389038086
2969,10699.513427734375
2970,10695.667903900146
2971,10692.548069000244
2972,10722.24115562439
2973,10697.113894462585
2974,10694.726932525635
2975,10735.222467422485
2976,10738.466307640076
2977,10698.271211624146
2978,10716.402271270752
2979,10712.408205986023
2980,10702.066546440125
2981,10714.971042633057
2982,10687.685223579407
2983,10702.853533267975
2984,10696.228883743286
2985,10704.049582481384
2986,10743.219708442688
2987,10732.3011302948
2988,10701.147612571716
2989,10695.25552392006
2990,10716.010538101196
2991,10729.621017456055
2992,10716.279172897339
2993,10704.32042312622
2994,10697.04091835022
2995,10700.58228302002
2996,10761.060075759888
2997,10691.662782669067
2998,10712.642261505127
2999,10719.851356506348
