entity_type,entity_id,season,mu
driver,1,0,0.5664688944816589
driver,2,0,-0.4278997778892517
driver,3,0,0.22572021186351776
driver,4,0,1.090242624282837
driver,5,0,-0.41152530908584595
driver,8,0,0.7766328454017639
driver,9,0,-0.22080345451831818
driver,10,0,-0.6209303736686707
driver,13,0,0.2634975016117096
driver,15,0,-0.4564955234527588
driver,16,0,-0.0543624609708786
driver,17,0,0.592631995677948
driver,18,0,1.357033133506775
driver,20,0,2.0440762042999268
driver,22,0,-0.22830113768577576
driver,24,0,-0.8363162279129028
driver,30,0,-0.5527540445327759
driver,37,0,-0.11434091627597809
driver,39,0,-0.7909114956855774
driver,67,0,-0.23015747964382172
driver,153,0,-0.3954869210720062
driver,154,0,-0.26249536871910095
driver,155,0,0.04758284240961075
driver,807,0,0.1675410270690918
driver,808,0,-0.045042041689157486
driver,811,0,-0.2191830426454544
driver,812,0,-0.822185218334198
driver,813,0,-0.4301404356956482
driver,814,0,-0.08000040799379349
driver,815,0,-0.09190654009580612
driver,816,0,-0.8779683113098145
driver,817,0,-0.24319705367088318
driver,818,0,-0.13329055905342102
driver,819,0,-0.24526609480381012
driver,820,0,-0.5707806348800659
driver,821,0,-0.12332271784543991
driver,822,0,0.06061575561761856
driver,823,0,-0.362898588180542
driver,824,0,-0.42783281207084656
driver,825,0,0.20420053601264954
driver,826,0,0.16801685094833374
driver,827,0,0.055855438113212585
driver,828,0,-0.08373242616653442
driver,829,0,-0.2705773711204529
driver,830,0,0.3580889105796814
driver,831,0,0.2693943381309509
driver,832,0,0.3979220688343048
driver,833,0,0.04278365895152092
driver,834,0,0.1763380467891693
driver,835,0,-0.1749906837940216
driver,836,0,-0.1585991531610489
driver,837,0,-0.5716467499732971
driver,838,0,0.1517249196767807
driver,839,0,0.16554085910320282
driver,840,0,-0.0819128230214119
driver,841,0,0.003960966132581234
driver,842,0,0.20133323967456818
driver,843,0,-0.22635462880134583
driver,844,0,0.16740605235099792
driver,845,0,-0.2871260941028595
driver,846,0,0.30548956990242004
driver,847,0,-0.07525642961263657
driver,848,0,0.23045139014720917
driver,849,0,-0.1752135008573532
driver,850,0,-0.3879058361053467
driver,851,0,0.07105379551649094
driver,852,0,-0.009543697349727154
driver,853,0,-0.13259628415107727
driver,854,0,0.03955831751227379
driver,855,0,-0.045983899384737015
driver,856,0,-0.22370116412639618
driver,857,0,0.29090461134910583
driver,858,0,-0.17335239052772522
driver,859,0,0.21480180323123932
driver,860,0,0.20313605666160583
driver,861,0,0.20189009606838226
driver,862,0,-0.042235132306814194
constructor,1,0,0.40161609649658203
constructor,3,0,-0.0845707505941391
constructor,4,0,-0.15160208940505981
constructor,5,0,0.05703141912817955
constructor,6,0,0.4577649235725403
constructor,9,0,0.8611710667610168
constructor,10,0,0.2312186360359192
constructor,15,0,-0.1718452125787735
constructor,131,0,0.28124234080314636
constructor,164,0,-0.9092982411384583
constructor,166,0,-0.5014250874519348
constructor,205,0,-0.4462631046772003
constructor,206,0,-0.1330592930316925
constructor,207,0,-0.1812000423669815
constructor,208,0,0.24096792936325073
constructor,209,0,-0.1612662523984909
constructor,210,0,0.20951765775680542
driver,1,1,0.6362771987915039
driver,2,1,-0.44232064485549927
driver,3,1,0.203964963555336
driver,4,1,0.9858709573745728
driver,5,1,-0.225724995136261
driver,8,1,0.8665844202041626
driver,9,1,-0.2006901055574417
driver,10,1,-0.4207635223865509
driver,13,1,0.23693272471427917
driver,15,1,-0.48228612542152405
driver,16,1,-0.2052481323480606
driver,17,1,0.22820991277694702
driver,18,1,0.8230350613594055
driver,20,1,1.6086015701293945
driver,22,1,-0.2773360013961792
driver,24,1,-0.8233286738395691
driver,30,1,-0.6450817584991455
driver,37,1,-0.2210352122783661
driver,39,1,-0.5521057844161987
driver,67,1,-0.19406628608703613
driver,153,1,-0.35367459058761597
driver,154,1,-0.3001287281513214
driver,155,1,0.1647396832704544
driver,807,1,0.20940563082695007
driver,808,1,0.008041977882385254
driver,811,1,-0.17304855585098267
driver,812,1,-0.8196732401847839
driver,813,1,-0.20002871751785278
driver,814,1,-0.04440823569893837
driver,815,1,0.03986204415559769
driver,816,1,-0.7720154523849487
driver,817,1,0.0915772020816803
driver,818,1,-0.16932158172130585
driver,819,1,-0.2747429311275482
driver,820,1,-0.6166271567344666
driver,821,1,-0.10356342792510986
driver,822,1,0.03131023794412613
driver,823,1,-0.41582587361335754
driver,824,1,-0.4609532654285431
driver,825,1,0.2708730697631836
driver,826,1,0.18986845016479492
driver,827,1,0.04687194526195526
driver,828,1,-0.07270848751068115
driver,829,1,-0.29851701855659485
driver,830,1,0.42632856965065
driver,831,1,0.2919169068336487
driver,832,1,0.46165522933006287
driver,833,1,0.06146455556154251
driver,834,1,0.19850459694862366
driver,835,1,-0.20827209949493408
driver,836,1,-0.187846377491951
driver,837,1,-0.5948221683502197
driver,838,1,0.13542039692401886
driver,839,1,0.20277322828769684
driver,840,1,-0.11503175646066666
driver,841,1,0.011627547442913055
driver,842,1,0.25567561388015747
driver,843,1,-0.2420879304409027
driver,844,1,0.19900906085968018
driver,845,1,-0.34110304713249207
driver,846,1,0.36516016721725464
driver,847,1,-0.11677572131156921
driver,848,1,0.25473394989967346
driver,849,1,-0.19837915897369385
driver,850,1,-0.3950343132019043
driver,851,1,0.059950876981019974
driver,852,1,-0.015459714457392693
driver,853,1,-0.1389637440443039
driver,854,1,0.04587986320257187
driver,855,1,-0.07005316764116287
driver,856,1,-0.24677875638008118
driver,857,1,0.3418920636177063
driver,858,1,-0.1779869794845581
driver,859,1,0.2597813904285431
driver,860,1,0.2284814715385437
driver,861,1,0.23307865858078003
driver,862,1,-0.031568244099617004
constructor,1,1,0.15244156122207642
constructor,3,1,0.09232252836227417
constructor,4,1,-0.14964036643505096
constructor,5,1,0.15346844494342804
constructor,6,1,0.5236669778823853
constructor,9,1,0.6060477495193481
constructor,10,1,0.27322444319725037
constructor,15,1,-0.11603815853595734
constructor,131,1,0.4340144693851471
constructor,164,1,-0.8219656944274902
constructor,166,1,-0.5110964775085449
constructor,205,1,-0.45662620663642883
constructor,206,1,-0.2416677176952362
constructor,207,1,-0.3212091624736786
constructor,208,1,0.43870609998703003
constructor,209,1,-0.29151928424835205
constructor,210,1,0.23587074875831604
driver,1,2,0.689508318901062
driver,2,2,-0.4130716919898987
driver,3,2,0.5696854591369629
driver,4,2,1.0046463012695312
driver,5,2,-0.27598243951797485
driver,8,2,0.4272814691066742
driver,9,2,-0.19425800442695618
driver,10,2,-0.4017355144023895
driver,13,2,0.05312648415565491
driver,15,2,-0.5253568887710571
driver,16,2,-0.3759137988090515
driver,17,2,0.03806525468826294
driver,18,2,0.7232585549354553
driver,20,2,1.7711501121520996
driver,22,2,-0.2536826729774475
driver,24,2,-0.7865787744522095
driver,30,2,-0.5724464654922485
driver,37,2,-0.17852094769477844
driver,39,2,-0.5233043432235718
driver,67,2,-0.18342667818069458
driver,153,2,-0.36741209030151367
driver,154,2,0.04917550086975098
driver,155,2,0.050797827541828156
driver,807,2,0.32200857996940613
driver,808,2,0.057774219661951065
driver,811,2,-0.1682804822921753
driver,812,2,-0.816056489944458
driver,813,2,-0.30230745673179626
driver,814,2,-0.24179545044898987
driver,815,2,0.26233598589897156
driver,816,2,-0.7945155501365662
driver,817,2,0.13599717617034912
driver,818,2,-0.21202874183654785
driver,819,2,-0.21280452609062195
driver,820,2,-0.6564278602600098
driver,821,2,-0.08602817356586456
driver,822,2,0.005678310990333557
driver,823,2,-0.44342029094696045
driver,824,2,-0.46845895051956177
driver,825,2,0.33341097831726074
driver,826,2,0.20721504092216492
driver,827,2,-0.0056610628962516785
driver,828,2,-0.08152789622545242
driver,829,2,-0.34114348888397217
driver,830,2,0.4937269389629364
driver,831,2,0.3337281048297882
driver,832,2,0.5213966369628906
driver,833,2,0.05210844427347183
driver,834,2,0.19305896759033203
driver,835,2,-0.24524839222431183
driver,836,2,-0.16767984628677368
driver,837,2,-0.6357255578041077
driver,838,2,0.12070147693157196
driver,839,2,0.24219200015068054
driver,840,2,-0.15054532885551453
driver,841,2,0.015010335482656956
driver,842,2,0.31076884269714355
driver,843,2,-0.2476769983768463
driver,844,2,0.23365657031536102
driver,845,2,-0.42338359355926514
driver,846,2,0.4275359511375427
driver,847,2,-0.145160973072052
driver,848,2,0.2891814112663269
driver,849,2,-0.23102432489395142
driver,850,2,-0.4047431945800781
driver,851,2,0.05231083929538727
driver,852,2,-0.02256764844059944
driver,853,2,-0.13665403425693512
driver,854,2,0.056816454976797104
driver,855,2,-0.08771499991416931
driver,856,2,-0.24374258518218994
driver,857,2,0.3729836344718933
driver,858,2,-0.1835596114397049
driver,859,2,0.33041954040527344
driver,860,2,0.2671085298061371
driver,861,2,0.2181207686662674
driver,862,2,0.02239898219704628
constructor,1,2,0.2602307200431824
constructor,3,2,-0.011487454175949097
constructor,4,2,-0.14828646183013916
constructor,5,2,-0.04485323652625084
constructor,6,2,0.5265854597091675
constructor,9,2,0.9376845359802246
constructor,10,2,0.21344725787639618
constructor,15,2,-0.16230547428131104
constructor,131,2,1.0678398609161377
constructor,164,2,-0.8306690454483032
constructor,166,2,-0.5197202563285828
constructor,205,2,-0.4656335413455963
constructor,206,2,-0.40235820412635803
constructor,207,2,-0.7168561816215515
constructor,208,2,0.40941184759140015
constructor,209,2,-0.41944587230682373
constructor,210,2,0.3064161539077759
driver,1,3,0.8790674209594727
driver,2,3,-0.3845149874687195
driver,3,3,0.7444024085998535
driver,4,3,0.9617388248443604
driver,5,3,-0.3026401102542877
driver,8,3,0.19006717205047607
driver,9,3,-0.1813182532787323
driver,10,3,-0.3585495054721832
driver,13,3,0.04113529622554779
driver,15,3,-0.6078530550003052
driver,16,3,-0.5694404244422913
driver,17,3,0.07027208805084229
driver,18,3,0.7470022439956665
driver,20,3,1.1534801721572876
driver,22,3,-0.275154173374176
driver,24,3,-0.7749476432800293
driver,30,3,-0.5755577683448792
driver,37,3,-0.1644359529018402
driver,39,3,-0.46533024311065674
driver,67,3,-0.16949740052223206
driver,153,3,-0.3533894121646881
driver,154,3,-0.06896814703941345
driver,155,3,-0.049659281969070435
driver,807,3,0.460056334733963
driver,808,3,0.04827726259827614
driver,811,3,-0.09661592543125153
driver,812,3,-0.7835161089897156
driver,813,3,-0.4703809320926666
driver,814,3,-0.2540866732597351
driver,815,3,0.22143352031707764
driver,816,3,-0.7750433683395386
driver,817,3,0.32089921832084656
driver,818,3,-0.08974505960941315
driver,819,3,-0.20785236358642578
driver,820,3,-0.6573572754859924
driver,821,3,-0.1684693545103073
driver,822,3,0.591431736946106
driver,823,3,-0.42214298248291016
driver,824,3,-0.4655824601650238
driver,825,3,0.39565587043762207
driver,826,3,0.22877775132656097
driver,827,3,0.02339160442352295
driver,828,3,-0.08530177175998688
driver,829,3,-0.3821566104888916
driver,830,3,0.5654561519622803
driver,831,3,0.3835359215736389
driver,832,3,0.5818272829055786
driver,833,3,0.012032285332679749
driver,834,3,0.19811956584453583
driver,835,3,-0.27065175771713257
driver,836,3,-0.19137777388095856
driver,837,3,-0.6550571322441101
driver,838,3,0.09009094536304474
driver,839,3,0.27894312143325806
driver,840,3,-0.18246617913246155
driver,841,3,0.018121354281902313
driver,842,3,0.36064213514328003
driver,843,3,-0.275890052318573
driver,844,3,0.25842761993408203
driver,845,3,-0.45783042907714844
driver,846,3,0.48135077953338623
driver,847,3,-0.17697183787822723
driver,848,3,0.32294124364852905
driver,849,3,-0.2504657804965973
driver,850,3,-0.47251155972480774
driver,851,3,-0.006744310259819031
driver,852,3,-0.03364533185958862
driver,853,3,-0.14746108651161194
driver,854,3,0.06055830419063568
driver,855,3,-0.11044055223464966
driver,856,3,-0.25316905975341797
driver,857,3,0.4075556993484497
driver,858,3,-0.1996631920337677
driver,859,3,0.39744579792022705
driver,860,3,0.3160209357738495
driver,861,3,0.2365102767944336
driver,862,3,0.051565978676080704
constructor,1,3,0.19536328315734863
constructor,3,3,0.38436537981033325
constructor,4,3,-0.1461157202720642
constructor,5,3,0.05250221863389015
constructor,6,3,0.6635093688964844
constructor,9,3,0.7022901177406311
constructor,10,3,0.2634398341178894
constructor,15,3,-0.2668669819831848
constructor,131,3,1.6590416431427002
constructor,164,3,-0.8411434888839722
constructor,166,3,-0.5288392305374146
constructor,205,3,-0.4735288619995117
constructor,206,3,-0.46318885684013367
constructor,207,3,-1.1560752391815186
constructor,208,3,0.11059652268886566
constructor,209,3,-0.5496643781661987
constructor,210,3,0.39431440830230713
driver,1,4,0.8796260952949524
driver,2,4,-0.3496577739715576
driver,3,4,0.5464041233062744
driver,4,4,0.6248830556869507
driver,5,4,-0.32846078276634216
driver,8,4,0.30371344089508057
driver,9,4,-0.1633135974407196
driver,10,4,-0.35765132308006287
driver,13,4,0.2577013373374939
driver,15,4,-0.5842107534408569
driver,16,4,-0.5112428069114685
driver,17,4,0.09029483795166016
driver,18,4,0.40304988622665405
driver,20,4,1.0223079919815063
driver,22,4,-0.26971009373664856
driver,24,4,-0.7625315189361572
driver,30,4,-0.596624493598938
driver,37,4,-0.13992942869663239
driver,39,4,-0.49649810791015625
driver,67,4,-0.120470330119133
driver,153,4,-0.3194577693939209
driver,154,4,0.28592202067375183
driver,155,4,-0.05593794584274292
driver,807,4,0.28872326016426086
driver,808,4,-0.019939454272389412
driver,811,4,-0.04781632125377655
driver,812,4,-0.8598971962928772
driver,813,4,-0.7422776222229004
driver,814,4,-0.36526909470558167
driver,815,4,0.45051753520965576
driver,816,4,-0.784418523311615
driver,817,4,0.44816306233406067
driver,818,4,-0.13119065761566162
driver,819,4,-0.21248207986354828
driver,820,4,-0.6823367476463318
driver,821,4,-0.10303665697574615
driver,822,4,0.6055261492729187
driver,823,4,-0.4241446554660797
driver,824,4,-0.4312334358692169
driver,825,4,0.2919847071170807
driver,826,4,0.2707422971725464
driver,827,4,-0.04989481717348099
driver,828,4,0.08037000894546509
driver,829,4,-0.3230164349079132
driver,830,4,0.6293063163757324
driver,831,4,0.4308394193649292
driver,832,4,0.640914261341095
driver,833,4,0.02531064674258232
driver,834,4,0.20851421356201172
driver,835,4,-0.3181886672973633
driver,836,4,-0.20297349989414215
driver,837,4,-0.6943120956420898
driver,838,4,0.06991903483867645
driver,839,4,0.3161482810974121
driver,840,4,-0.21589672565460205
driver,841,4,0.024463415145874023
driver,842,4,0.4105244576931
driver,843,4,-0.3117225468158722
driver,844,4,0.2875843048095703
driver,845,4,-0.5034304261207581
driver,846,4,0.5382472276687622
driver,847,4,-0.2111147940158844
driver,848,4,0.3483175039291382
driver,849,4,-0.26525476574897766
driver,850,4,-0.4272307753562927
driver,851,4,0.03136327862739563
driver,852,4,-0.04168161749839783
driver,853,4,-0.15212804079055786
driver,854,4,0.06642234325408936
driver,855,4,-0.13650661706924438
driver,856,4,-0.29468560218811035
driver,857,4,0.4421430826187134
driver,858,4,-0.2019147127866745
driver,859,4,0.45539164543151855
driver,860,4,0.34659165143966675
driver,861,4,0.23889212310314178
driver,862,4,0.034074123948812485
constructor,1,4,-0.37279367446899414
constructor,3,4,0.44032180309295654
constructor,4,4,-0.14444182813167572
constructor,5,4,0.02235434576869011
constructor,6,4,0.8353734016418457
constructor,9,4,0.8336210250854492
constructor,10,4,0.27241113781929016
constructor,15,4,-0.08013916015625
constructor,131,4,1.7184747457504272
constructor,164,4,-0.8513035178184509
constructor,166,4,-0.5388739109039307
constructor,205,4,-0.4843025207519531
constructor,206,4,-0.4716283977031708
constructor,207,4,-1.164982795715332
constructor,208,4,0.23282085359096527
constructor,209,4,-0.6785417199134827
constructor,210,4,0.43163001537323
driver,1,5,0.8200495839118958
driver,2,5,-0.3975571393966675
driver,3,5,0.6672175526618958
driver,4,5,0.7109512686729431
driver,5,5,-0.30983781814575195
driver,8,5,0.43663379549980164
driver,9,5,-0.16151663661003113
driver,10,5,-0.3219567537307739
driver,13,5,0.38100510835647583
driver,15,5,-0.5987874269485474
driver,16,5,-0.5025132894515991
driver,17,5,0.11417093873023987
driver,18,5,0.4148562550544739
driver,20,5,0.700406551361084
driver,22,5,-0.324770987033844
driver,24,5,-0.722407877445221
driver,30,5,-0.6645413637161255
driver,37,5,-0.13857167959213257
driver,39,5,-0.5928075909614563
driver,67,5,-0.08313943445682526
driver,153,5,-0.29889005422592163
driver,154,5,0.29019805788993835
driver,155,5,-0.046757422387599945
driver,807,5,0.2621908187866211
driver,808,5,0.02591155841946602
driver,811,5,-0.003947913646697998
driver,812,5,-0.862302839756012
driver,813,5,-0.7373782992362976
driver,814,5,-0.3757341802120209
driver,815,5,0.5232818126678467
driver,816,5,-0.8560591340065002
driver,817,5,0.8283200263977051
driver,818,5,-0.06535546481609344
driver,819,5,-0.23589898645877838
driver,820,5,-0.7127936482429504
driver,821,5,-0.02561066299676895
driver,822,5,0.4423060417175293
driver,823,5,-0.37546050548553467
driver,824,5,-0.4224236309528351
driver,825,5,0.18488702178001404
driver,826,5,0.24801790714263916
driver,827,5,-0.07079803943634033
driver,828,5,0.07236388325691223
driver,829,5,-0.2926182150840759
driver,830,5,0.7007335424423218
driver,831,5,0.19272129237651825
driver,832,5,0.6122500896453857
driver,833,5,0.01227109506726265
driver,834,5,0.14912757277488708
driver,835,5,-0.37741002440452576
driver,836,5,-0.21522581577301025
driver,837,5,-0.7464733123779297
driver,838,5,0.0721292793750763
driver,839,5,0.3544539213180542
driver,840,5,-0.25474387407302856
driver,841,5,0.026167400181293488
driver,842,5,0.4643995761871338
driver,843,5,-0.3221561908721924
driver,844,5,0.31983596086502075
driver,845,5,-0.561611533164978
driver,846,5,0.5985107421875
driver,847,5,-0.24853038787841797
driver,848,5,0.376924604177475
driver,849,5,-0.2952478528022766
driver,850,5,-0.4513167142868042
driver,851,5,0.0321279913187027
driver,852,5,-0.0517616905272007
driver,853,5,-0.1361282467842102
driver,854,5,0.07590695470571518
driver,855,5,-0.1611233800649643
driver,856,5,-0.3169165551662445
driver,857,5,0.473527729511261
driver,858,5,-0.2158687710762024
driver,859,5,0.5494168996810913
driver,860,5,0.39338576793670654
driver,861,5,0.22156527638435364
driver,862,5,0.020918812602758408
constructor,1,5,-0.19770008325576782
constructor,3,5,0.23018668591976166
constructor,4,5,-0.14310504496097565
constructor,5,5,-0.09724310040473938
constructor,6,5,0.861257791519165
constructor,9,5,1.1380404233932495
constructor,10,5,0.2878689169883728
constructor,15,5,-0.3470320999622345
constructor,131,5,1.9739567041397095
constructor,164,5,-0.8612236976623535
constructor,166,5,-0.5479423999786377
constructor,205,5,-0.490100622177124
constructor,206,5,-0.4813745617866516
constructor,207,5,-1.1742684841156006
constructor,208,5,0.2216300517320633
constructor,209,5,-0.8519411683082581
constructor,210,5,0.47899067401885986
driver,1,6,0.7907673716545105
driver,2,6,-0.34524497389793396
driver,3,6,0.6483718752861023
driver,4,6,0.7230273485183716
driver,5,6,-0.4044743478298187
driver,8,6,0.2793847322463989
driver,9,6,-0.16487807035446167
driver,10,6,-0.3473396897315979
driver,13,6,0.49947983026504517
driver,15,6,-0.6199475526809692
driver,16,6,-0.5159013867378235
driver,17,6,0.06047487258911133
driver,18,6,0.2991083860397339
driver,20,6,0.8617345094680786
driver,22,6,-0.3504311442375183
driver,24,6,-0.7473735213279724
driver,30,6,-0.6423571109771729
driver,37,6,-0.09423653036355972
driver,39,6,-0.5719640254974365
driver,67,6,-0.06894345581531525
driver,153,6,-0.2666962742805481
driver,154,6,0.29084667563438416
driver,155,6,-0.04935842752456665
driver,807,6,0.4422842264175415
driver,808,6,0.0072080157697200775
driver,811,6,-0.00028640031814575195
driver,812,6,-0.8953986763954163
driver,813,6,-0.6642815470695496
driver,814,6,-0.30424392223358154
driver,815,6,0.5503367185592651
driver,816,6,-0.8729893565177917
driver,817,6,0.7000008821487427
driver,818,6,-0.06088694930076599
driver,819,6,-0.20645107328891754
driver,820,6,-0.7615668773651123
driver,821,6,0.06620820611715317
driver,822,6,0.41418495774269104
driver,823,6,-0.3627268075942993
driver,824,6,-0.44052833318710327
driver,825,6,0.18177226185798645
driver,826,6,0.3500409722328186
driver,827,6,0.04338008165359497
driver,828,6,0.1081797182559967
driver,829,6,-0.3014686703681946
driver,830,6,0.436867892742157
driver,831,6,0.2099820077419281
driver,832,6,0.6101319193840027
driver,833,6,-0.04981506988406181
driver,834,6,0.08585557341575623
driver,835,6,-0.3116483688354492
driver,836,6,-0.2547582983970642
driver,837,6,-0.7207238674163818
driver,838,6,0.024080827832221985
driver,839,6,0.4767133593559265
driver,840,6,-0.292959600687027
driver,841,6,0.03158417344093323
driver,842,6,0.5196011662483215
driver,843,6,-0.3437816798686981
driver,844,6,0.3606463074684143
driver,845,6,-0.6239447593688965
driver,846,6,0.6534968614578247
driver,847,6,-0.28778329491615295
driver,848,6,0.41004592180252075
driver,849,6,-0.3281933069229126
driver,850,6,-0.504357635974884
driver,851,6,0.02566387504339218
driver,852,6,-0.0539611354470253
driver,853,6,-0.14679886400699615
driver,854,6,0.07904261350631714
driver,855,6,-0.1931602954864502
driver,856,6,-0.3705897331237793
driver,857,6,0.5122532844543457
driver,858,6,-0.22334024310112
driver,859,6,0.6025048494338989
driver,860,6,0.4651471972465515
driver,861,6,0.22800913453102112
driver,862,6,-0.008175522089004517
constructor,1,6,-0.20470964908599854
constructor,3,6,0.1088884025812149
constructor,4,6,0.10815995931625366
constructor,5,6,-0.2864062190055847
constructor,6,6,1.133141279220581
constructor,9,6,0.785696804523468
constructor,10,6,0.4390610158443451
constructor,15,6,-0.3156908452510834
constructor,131,6,2.1022043228149414
constructor,164,6,-0.8552979230880737
constructor,166,6,-0.5400851964950562
constructor,205,6,-0.4791508913040161
constructor,206,6,-0.47342365980148315
constructor,207,6,-1.1647742986679077
constructor,208,6,0.22735188901424408
constructor,209,6,-0.842825710773468
constructor,210,6,0.25786101818084717
driver,1,7,0.7909059524536133
driver,2,7,-0.38004520535469055
driver,3,7,0.6234132647514343
driver,4,7,0.699001669883728
driver,5,7,-0.4265269339084625
driver,8,7,0.4412766695022583
driver,9,7,-0.16161306202411652
driver,10,7,-0.3108395040035248
driver,13,7,0.4865185022354126
driver,15,7,-0.642601728439331
driver,16,7,-0.5334749221801758
driver,17,7,0.04672473669052124
driver,18,7,0.31651735305786133
driver,20,7,0.7932615280151367
driver,22,7,-0.398617148399353
driver,24,7,-0.754395604133606
driver,30,7,-0.5464562177658081
driver,37,7,-0.10393792390823364
driver,39,7,-0.5618503093719482
driver,67,7,-0.09436455368995667
driver,153,7,-0.30889004468917847
driver,154,7,0.29938289523124695
driver,155,7,-0.042359136044979095
driver,807,7,0.43425223231315613
driver,808,7,0.05476335063576698
driver,811,7,-0.00995008647441864
driver,812,7,-0.8851720094680786
driver,813,7,-0.6750646233558655
driver,814,7,-0.31660330295562744
driver,815,7,0.34415391087532043
driver,816,7,-0.8563417196273804
driver,817,7,0.5844289064407349
driver,818,7,-0.01583866775035858
driver,819,7,-0.09623408317565918
driver,820,7,-0.7625119686126709
driver,821,7,0.03806854039430618
driver,822,7,0.21161046624183655
driver,823,7,-0.3784874379634857
driver,824,7,-0.46039676666259766
driver,825,7,0.17050066590309143
driver,826,7,0.36590060591697693
driver,827,7,0.02099762111902237
driver,828,7,0.15510588884353638
driver,829,7,-0.3385387659072876
driver,830,7,0.7955375909805298
driver,831,7,0.19494616985321045
driver,832,7,0.7699800133705139
driver,833,7,-0.04727786406874657
driver,834,7,0.12661458551883698
driver,835,7,-0.31772923469543457
driver,836,7,-0.2912563681602478
driver,837,7,-0.7605414390563965
driver,838,7,-0.014207899570465088
driver,839,7,0.3537985682487488
driver,840,7,-0.3336893916130066
driver,841,7,0.06455777585506439
driver,842,7,0.6155779957771301
driver,843,7,-0.39649084210395813
driver,844,7,0.38670989871025085
driver,845,7,-0.6843925714492798
driver,846,7,0.7092925310134888
driver,847,7,-0.31791067123413086
driver,848,7,0.4377404451370239
driver,849,7,-0.3600022792816162
driver,850,7,-0.5748523473739624
driver,851,7,-0.001546911895275116
driver,852,7,-0.05951610580086708
driver,853,7,-0.15677665174007416
driver,854,7,0.0873531624674797
driver,855,7,-0.21200336515903473
driver,856,7,-0.39893585443496704
driver,857,7,0.5472754240036011
driver,858,7,-0.22735974192619324
driver,859,7,0.6568493843078613
driver,860,7,0.46898964047431946
driver,861,7,0.2592727541923523
driver,862,7,-0.06523608416318893
constructor,1,7,-0.08548420667648315
constructor,3,7,-0.16618065536022186
constructor,4,7,0.024989187717437744
constructor,5,7,-0.2980267405509949
constructor,6,7,1.4685180187225342
constructor,9,7,1.0875370502471924
constructor,10,7,0.02155819535255432
constructor,15,7,-0.17481966316699982
constructor,131,7,2.006122589111328
constructor,164,7,-0.8699659109115601
constructor,166,7,-0.5538782477378845
constructor,205,7,-0.4873148202896118
constructor,206,7,-0.4864925742149353
constructor,207,7,-1.1751461029052734
constructor,208,7,0.21663311123847961
constructor,209,7,-0.8531412482261658
constructor,210,7,0.3250923156738281
driver,1,8,0.9574278593063354
driver,2,8,-0.3483947515487671
driver,3,8,0.6584996581077576
driver,4,8,0.6767833232879639
driver,5,8,-0.4403231143951416
driver,8,8,0.38272684812545776
driver,9,8,-0.15080508589744568
driver,10,8,-0.4093668460845947
driver,13,8,0.48406583070755005
driver,15,8,-0.6874765157699585
driver,16,8,-0.553633451461792
driver,17,8,0.02828127145767212
driver,18,8,0.3780974745750427
driver,20,8,0.5308876037597656
driver,22,8,-0.41503989696502686
driver,24,8,-0.757269024848938
driver,30,8,-0.5523129105567932
driver,37,8,-0.08345499634742737
driver,39,8,-0.580260694026947
driver,67,8,-0.12962840497493744
driver,153,8,-0.2860107421875
driver,154,8,0.28667518496513367
driver,155,8,-0.0018619410693645477
driver,807,8,0.5848985314369202
driver,808,8,0.1373622566461563
driver,811,8,-0.0029423385858535767
driver,812,8,-0.9020615816116333
driver,813,8,-0.6633241176605225
driver,814,8,-0.3246077001094818
driver,815,8,0.3952697813510895
driver,816,8,-0.8740856647491455
driver,817,8,0.3742283880710602
driver,818,8,-0.07459443062543869
driver,819,8,-0.03737437725067139
driver,820,8,-0.8118970394134521
driver,821,8,-0.030216306447982788
driver,822,8,0.1055135726928711
driver,823,8,-0.3942081928253174
driver,824,8,-0.4718802869319916
driver,825,8,0.14202575385570526
driver,826,8,0.37504029273986816
driver,827,8,-0.005789171904325485
driver,828,8,0.11740265786647797
driver,829,8,-0.30274710059165955
driver,830,8,0.8545637130737305
driver,831,8,0.18712353706359863
driver,832,8,0.8369410037994385
driver,833,8,-0.041424673050642014
driver,834,8,0.08892466127872467
driver,835,8,-0.2905046045780182
driver,836,8,-0.2656972408294678
driver,837,8,-0.8272803425788879
driver,838,8,-0.0032295137643814087
driver,839,8,0.4888402223587036
driver,840,8,-0.3803362250328064
driver,841,8,0.08940394222736359
driver,842,8,0.7511305809020996
driver,843,8,-0.49082428216934204
driver,844,8,0.3757328391075134
driver,845,8,-0.7167202234268188
driver,846,8,0.7599539756774902
driver,847,8,-0.3519841432571411
driver,848,8,0.47332334518432617
driver,849,8,-0.39521324634552
driver,850,8,-0.6399791240692139
driver,851,8,0.04889518767595291
driver,852,8,-0.06375188380479813
driver,853,8,-0.14817991852760315
driver,854,8,0.10450932383537292
driver,855,8,-0.23700976371765137
driver,856,8,-0.42721056938171387
driver,857,8,0.5802098512649536
driver,858,8,-0.2225661277770996
driver,859,8,0.7369128465652466
driver,860,8,0.5062532424926758
driver,861,8,0.26942747831344604
driver,862,8,-0.10594058036804199
constructor,1,8,0.08088189363479614
constructor,3,8,-0.40093040466308594
constructor,4,8,0.03689911961555481
constructor,5,8,-0.14765405654907227
constructor,6,8,1.2740809917449951
constructor,9,8,1.0066537857055664
constructor,10,8,0.26460689306259155
constructor,15,8,-0.08280083537101746
constructor,131,8,2.2159554958343506
constructor,164,8,-0.838076114654541
constructor,166,8,-0.5195433497428894
constructor,205,8,-0.4580872356891632
constructor,206,8,-0.460589736700058
constructor,207,8,-1.1414982080459595
constructor,208,8,0.24471132457256317
constructor,209,8,-0.8243239521980286
constructor,210,8,-0.2502857446670532
driver,1,9,1.0716512203216553
driver,2,9,-0.42508870363235474
driver,3,9,0.649469792842865
driver,4,9,0.6551076769828796
driver,5,9,-0.39582785964012146
driver,8,9,0.30096250772476196
driver,9,9,-0.12067816406488419
driver,10,9,-0.3921780586242676
driver,13,9,0.44328004121780396
driver,15,9,-0.7533917427062988
driver,16,9,-0.5877624154090881
driver,17,9,-0.015714406967163086
driver,18,9,0.35639166831970215
driver,20,9,0.09304332733154297
driver,22,9,-0.41112828254699707
driver,24,9,-0.7325348854064941
driver,30,9,-0.5355726480484009
driver,37,9,-0.05713671073317528
driver,39,9,-0.5639659762382507
driver,67,9,-0.1916116178035736
driver,153,9,-0.25760990381240845
driver,154,9,0.2952214181423187
driver,155,9,0.0703335776925087
driver,807,9,0.5403608083724976
driver,808,9,0.1800972819328308
driver,811,9,-0.05634887516498566
driver,812,9,-0.9200977087020874
driver,813,9,-0.7217737436294556
driver,814,9,-0.3234933316707611
driver,815,9,0.5735094547271729
driver,816,9,-0.8054291605949402
driver,817,9,0.6285258531570435
driver,818,9,-0.02222330868244171
driver,819,9,-0.055952370166778564
driver,820,9,-0.8308870792388916
driver,821,9,-0.048847801983356476
driver,822,9,-0.1836644411087036
driver,823,9,-0.38866519927978516
driver,824,9,-0.4537053406238556
driver,825,9,0.09360884875059128
driver,826,9,0.37807777523994446
driver,827,9,0.06653431057929993
driver,828,9,0.11463360488414764
driver,829,9,-0.3666892647743225
driver,830,9,1.0149905681610107
driver,831,9,0.14265936613082886
driver,832,9,0.8275250196456909
driver,833,9,-0.06830465793609619
driver,834,9,0.11787328869104385
driver,835,9,-0.24178092181682587
driver,836,9,-0.2766236364841461
driver,837,9,-0.8502399325370789
driver,838,9,-0.01607130467891693
driver,839,9,0.6143428683280945
driver,840,9,-0.47730308771133423
driver,841,9,0.06214612349867821
driver,842,9,0.920417308807373
driver,843,9,-0.505894660949707
driver,844,9,0.3105725049972534
driver,845,9,-0.6853296756744385
driver,846,9,0.9522213935852051
driver,847,9,-0.2921221852302551
driver,848,9,0.41777461767196655
driver,849,9,-0.4171581268310547
driver,850,9,-0.6908674240112305
driver,851,9,0.056641288101673126
driver,852,9,-0.06808600574731827
driver,853,9,-0.1673579066991806
driver,854,9,0.10348853468894958
driver,855,9,-0.2680899202823639
driver,856,9,-0.44335269927978516
driver,857,9,0.6258019804954529
driver,858,9,-0.2444855272769928
driver,859,9,0.7840433120727539
driver,860,9,0.5060426592826843
driver,861,9,0.2600659728050232
driver,862,9,-0.1173417866230011
constructor,1,9,0.39089715480804443
constructor,3,9,-0.4787888526916504
constructor,4,9,0.37743377685546875
constructor,5,9,-0.0007826350629329681
constructor,6,9,0.6654530763626099
constructor,9,9,0.8754539489746094
constructor,10,9,0.6532847285270691
constructor,15,9,-0.023553907871246338
constructor,131,9,2.014141082763672
constructor,164,9,-0.8207970857620239
constructor,166,9,-0.5042474865913391
constructor,205,9,-0.4434679448604584
constructor,206,9,-0.43925929069519043
constructor,207,9,-1.1253082752227783
constructor,208,9,0.2587646245956421
constructor,209,9,-0.8069049119949341
constructor,210,9,-0.592318058013916
driver,1,10,0.8501865863800049
driver,2,10,-0.3672395646572113
driver,3,10,0.6307783126831055
driver,4,10,0.6323322057723999
driver,5,10,-0.4145628809928894
driver,8,10,0.1221650242805481
driver,9,10,-0.0030959993600845337
driver,10,10,-0.38020646572113037
driver,13,10,0.38573157787323
driver,15,10,-0.7396829724311829
driver,16,10,-0.587475061416626
driver,17,10,-0.030963003635406494
driver,18,10,0.3792860507965088
driver,20,10,-0.05337190628051758
driver,22,10,-0.3903464674949646
driver,24,10,-0.7926909923553467
driver,30,10,-0.5521570444107056
driver,37,10,-0.08392823487520218
driver,39,10,-0.5720651745796204
driver,67,10,-0.2003692388534546
driver,153,10,-0.19003401696681976
driver,154,10,0.3497726023197174
driver,155,10,0.0626281127333641
driver,807,10,0.4780229330062866
driver,808,10,0.16546756029129028
driver,811,10,-0.08418531715869904
driver,812,10,-0.9021726250648499
driver,813,10,-0.800310492515564
driver,814,10,-0.21864265203475952
driver,815,10,0.344323992729187
driver,816,10,-0.8485906720161438
driver,817,10,0.6278560161590576
driver,818,10,0.027852028608322144
driver,819,10,-0.05948883295059204
driver,820,10,-0.8025240898132324
driver,821,10,-0.05273725837469101
driver,822,10,-0.40370050072669983
driver,823,10,-0.3761945068836212
driver,824,10,-0.4122927784919739
driver,825,10,0.01959073543548584
driver,826,10,0.3957999348640442
driver,827,10,0.08423395454883575
driver,828,10,0.09561663866043091
driver,829,10,-0.33626940846443176
driver,830,10,1.2391822338104248
driver,831,10,0.16405810415744781
driver,832,10,0.8764859437942505
driver,833,10,-0.06236300244927406
driver,834,10,0.10075010359287262
driver,835,10,-0.18171687424182892
driver,836,10,-0.284604549407959
driver,837,10,-0.9032067060470581
driver,838,10,-0.016152337193489075
driver,839,10,0.6673818826675415
driver,840,10,-0.49418047070503235
driver,841,10,0.20250576734542847
driver,842,10,1.1077187061309814
driver,843,10,-0.5087193846702576
driver,844,10,0.45917603373527527
driver,845,10,-0.6161723136901855
driver,846,10,1.0420767068862915
driver,847,10,-0.02947092428803444
driver,848,10,0.38764071464538574
driver,849,10,-0.4151463210582733
driver,850,10,-0.7226779460906982
driver,851,10,0.11572548747062683
driver,852,10,-0.07386321574449539
driver,853,10,-0.16077616810798645
driver,854,10,0.10476763546466827
driver,855,10,-0.28501081466674805
driver,856,10,-0.5001142024993896
driver,857,10,0.6731993556022644
driver,858,10,-0.25446900725364685
driver,859,10,0.8115237951278687
driver,860,10,0.5038069486618042
driver,861,10,0.25343120098114014
driver,862,10,-0.11305874586105347
constructor,1,10,0.6073233485221863
constructor,3,10,-0.25362324714660645
constructor,4,10,0.2529720067977905
constructor,5,10,0.17308352887630463
constructor,6,10,0.8821410536766052
constructor,9,10,0.9075741767883301
constructor,10,10,0.5879911780357361
constructor,15,10,0.19835875928401947
constructor,131,10,1.4105936288833618
constructor,164,10,-0.7998683452606201
constructor,166,10,-0.478799968957901
constructor,205,10,-0.4233478903770447
constructor,206,10,-0.4187060594558716
constructor,207,10,-1.102457046508789
constructor,208,10,0.28466692566871643
constructor,209,10,-0.7831113338470459
constructor,210,10,-1.044790506362915
driver,1,11,0.5292838215827942
driver,2,11,-0.3660120666027069
driver,3,11,0.6299167275428772
driver,4,11,0.5575339794158936
driver,5,11,-0.4191911220550537
driver,8,11,0.13483822345733643
driver,9,11,0.008013054728507996
driver,10,11,-0.463832825422287
driver,13,11,0.3996198773384094
driver,15,11,-0.7719136476516724
driver,16,11,-0.6101821064949036
driver,17,11,-0.04838448762893677
driver,18,11,0.42779654264450073
driver,20,11,-0.01528167724609375
driver,22,11,-0.39742761850357056
driver,24,11,-0.8769226670265198
driver,30,11,-0.499518483877182
driver,37,11,-0.09488023072481155
driver,39,11,-0.595636248588562
driver,67,11,-0.1941789984703064
driver,153,11,-0.20465391874313354
driver,154,11,0.34546026587486267
driver,155,11,0.03274565562605858
driver,807,11,0.4169445335865021
driver,808,11,0.10354676842689514
driver,811,11,-0.06575347483158112
driver,812,11,-0.9158544540405273
driver,813,11,-0.8275822997093201
driver,814,11,-0.2190198302268982
driver,815,11,0.26314643025398254
driver,816,11,-0.8322577476501465
driver,817,11,0.4317100942134857
driver,818,11,0.08852995932102203
driver,819,11,-0.02783559262752533
driver,820,11,-0.7528073191642761
driver,821,11,-0.12245088815689087
driver,822,11,-0.28841614723205566
driver,823,11,-0.3619067370891571
driver,824,11,-0.4003952145576477
driver,825,11,-0.0452057421207428
driver,826,11,0.34638500213623047
driver,827,11,0.12720808386802673
driver,828,11,0.1331942081451416
driver,829,11,-0.3574814200401306
driver,830,11,1.4624578952789307
driver,831,11,0.18947550654411316
driver,832,11,0.6088359355926514
driver,833,11,-0.09670677781105042
driver,834,11,0.07559817284345627
driver,835,11,-0.1582144796848297
driver,836,11,-0.2615774869918823
driver,837,11,-0.9110665917396545
driver,838,11,-0.009794116020202637
driver,839,11,0.9254927635192871
driver,840,11,-0.49116650223731995
driver,841,11,0.1586163341999054
driver,842,11,1.096030592918396
driver,843,11,-0.3979994058609009
driver,844,11,0.7410707473754883
driver,845,11,-0.6334285736083984
driver,846,11,1.0561944246292114
driver,847,11,0.1783401072025299
driver,848,11,0.3583988547325134
driver,849,11,-0.4132201671600342
driver,850,11,-0.7330977916717529
driver,851,11,0.12364935874938965
driver,852,11,-0.13873866200447083
driver,853,11,-0.16887490451335907
driver,854,11,0.11103089153766632
driver,855,11,-0.31592103838920593
driver,856,11,-0.5414456129074097
driver,857,11,0.7128753662109375
driver,858,11,-0.2802838981151581
driver,859,11,0.8444837927818298
driver,860,11,0.5699242949485779
driver,861,11,0.277557909488678
driver,862,11,-0.08072572201490402
constructor,1,11,0.19556330144405365
constructor,3,11,-0.14758175611495972
constructor,4,11,0.2299148142337799
constructor,5,11,-0.17805787920951843
constructor,6,11,0.8193092346191406
constructor,9,11,1.2670873403549194
constructor,10,11,0.7240390181541443
constructor,15,11,0.3279891014099121
constructor,131,11,1.1475627422332764
constructor,164,11,-0.8504053354263306
constructor,166,11,-0.527746319770813
constructor,205,11,-0.46883150935173035
constructor,206,11,-0.465772807598114
constructor,207,11,-1.1507337093353271
constructor,208,11,0.23164457082748413
constructor,209,11,-0.8304577469825745
constructor,210,11,-0.32352304458618164
driver,1,12,0.5202313661575317
driver,2,12,-0.3458874523639679
driver,3,12,0.6590709090232849
driver,4,12,0.6392331719398499
driver,5,12,-0.3921516537666321
driver,8,12,0.09563785791397095
driver,9,12,0.008218005299568176
driver,10,12,-0.41192948818206787
driver,13,12,0.3544258177280426
driver,15,12,-0.7675343751907349
driver,16,12,-0.5661329030990601
driver,17,12,-0.04394775629043579
driver,18,12,0.39926308393478394
driver,20,12,-0.05149507522583008
driver,22,12,-0.4058212637901306
driver,24,12,-0.8745809197425842
driver,30,12,-0.5150829553604126
driver,37,12,-0.032404690980911255
driver,39,12,-0.6388227939605713
driver,67,12,-0.1812303066253662
driver,153,12,-0.22035296261310577
driver,154,12,0.40026912093162537
driver,155,12,0.06632601469755173
driver,807,12,0.45641028881073
driver,808,12,0.11211082339286804
driver,811,12,-0.07980595529079437
driver,812,12,-0.9442270994186401
driver,813,12,-0.8350027203559875
driver,814,12,-0.2191663384437561
driver,815,12,-0.20693017542362213
driver,816,12,-0.7996872663497925
driver,817,12,0.42411091923713684
driver,818,12,0.08162525296211243
driver,819,12,0.01026935875415802
driver,820,12,-0.691591203212738
driver,821,12,-0.09508570283651352
driver,822,12,-0.4552038609981537
driver,823,12,-0.3614300489425659
driver,824,12,-0.4144149422645569
driver,825,12,-0.11235639452934265
driver,826,12,0.34145861864089966
driver,827,12,0.14521180093288422
driver,828,12,0.08594560623168945
driver,829,12,-0.42931920289993286
driver,830,12,2.089634656906128
driver,831,12,0.1690460592508316
driver,832,12,0.6768243312835693
driver,833,12,-0.10918726027011871
driver,834,12,0.09882812201976776
driver,835,12,-0.2296944260597229
driver,836,12,-0.3057447671890259
driver,837,12,-0.9330196976661682
driver,838,12,-0.050479501485824585
driver,839,12,0.8170076608657837
driver,840,12,-0.5259407162666321
driver,841,12,0.11890030652284622
driver,842,12,1.1026456356048584
driver,843,12,-0.37494519352912903
driver,844,12,0.7024548053741455
driver,845,12,-0.6588242053985596
driver,846,12,0.980271577835083
driver,847,12,0.023703522980213165
driver,848,12,0.38495999574661255
driver,849,12,-0.4178939461708069
driver,850,12,-0.6946160197257996
driver,851,12,0.13945956528186798
driver,852,12,0.025995533913373947
driver,853,12,-0.22946833074092865
driver,854,12,0.11567158997058868
driver,855,12,-0.2503747045993805
driver,856,12,-0.6171075701713562
driver,857,12,0.7523950934410095
driver,858,12,-0.28417491912841797
driver,859,12,0.9101518392562866
driver,860,12,0.5727572441101074
driver,861,12,0.2762133479118347
driver,862,12,-0.03236858546733856
constructor,1,12,0.09415748715400696
constructor,3,12,-0.09172693639993668
constructor,4,12,-0.11353161185979843
constructor,5,12,0.06966646015644073
constructor,6,12,0.8635597229003906
constructor,9,12,1.7453155517578125
constructor,10,12,0.961269736289978
constructor,15,12,0.13451825082302094
constructor,131,12,0.8177907466888428
constructor,164,12,-0.8452910780906677
constructor,166,12,-0.5338834524154663
constructor,205,12,-0.46394285559654236
constructor,206,12,-0.468490332365036
constructor,207,12,-1.1523739099502563
constructor,208,12,0.23730029165744781
constructor,209,12,-0.8274405598640442
constructor,210,12,-0.4268975257873535
driver,1,13,0.4541338086128235
driver,2,13,-0.33164358139038086
driver,3,13,0.6561995148658752
driver,4,13,0.529927134513855
driver,5,13,-0.34728455543518066
driver,8,13,0.04262280464172363
driver,9,13,0.01936642825603485
driver,10,13,-0.49084657430648804
driver,13,13,0.2706214487552643
driver,15,13,-0.7666006088256836
driver,16,13,-0.5144287943840027
driver,17,13,0.006704509258270264
driver,18,13,0.4840015769004822
driver,20,13,-0.06692719459533691
driver,22,13,-0.36838090419769287
driver,24,13,-0.7993389368057251
driver,30,13,-0.5333560109138489
driver,37,13,-0.02760181576013565
driver,39,13,-0.6058917045593262
driver,67,13,-0.160086989402771
driver,153,13,-0.1396026611328125
driver,154,13,0.3549599349498749
driver,155,13,0.10358454287052155
driver,807,13,0.5075411796569824
driver,808,13,0.1557280719280243
driver,811,13,-0.09719955176115036
driver,812,13,-0.922627866268158
driver,813,13,-0.865716814994812
driver,814,13,-0.14717453718185425
driver,815,13,-0.3465360403060913
driver,816,13,-0.7994588017463684
driver,817,13,0.34819045662879944
driver,818,13,0.11712554097175598
driver,819,13,0.049949243664741516
driver,820,13,-0.7030296325683594
driver,821,13,-0.134427011013031
driver,822,13,-0.5603405833244324
driver,823,13,-0.3725069761276245
driver,824,13,-0.41843360662460327
driver,825,13,-0.15906208753585815
driver,826,13,0.47166433930397034
driver,827,13,0.15524962544441223
driver,828,13,0.05831994116306305
driver,829,13,-0.3480645418167114
driver,830,13,1.9146559238433838
driver,831,13,0.10360924899578094
driver,832,13,0.6533579230308533
driver,833,13,-0.11995980143547058
driver,834,13,0.10719999670982361
driver,835,13,-0.19370321929454803
driver,836,13,-0.39095672965049744
driver,837,13,-0.9528584480285645
driver,838,13,-0.09289169311523438
driver,839,13,0.6804291605949402
driver,840,13,-0.5531707406044006
driver,841,13,0.07146517932415009
driver,842,13,1.2010111808776855
driver,843,13,-0.33889272809028625
driver,844,13,1.0015169382095337
driver,845,13,-0.6127514243125916
driver,846,13,1.155677080154419
driver,847,13,0.08455955237150192
driver,848,13,0.4578794240951538
driver,849,13,-0.4976522922515869
driver,850,13,-0.7731997966766357
driver,851,13,0.12984158098697662
driver,852,13,0.06771024316549301
driver,853,13,-0.15629668533802032
driver,854,13,0.16228105127811432
driver,855,13,-0.33737051486968994
driver,856,13,-0.624834418296814
driver,857,13,0.9671754837036133
driver,858,13,-0.4399350583553314
driver,859,13,0.90472012758255
driver,860,13,0.6179414391517639
driver,861,13,0.2925565242767334
driver,862,13,-0.08791130781173706
constructor,1,13,1.2253825664520264
constructor,3,13,-0.4035676121711731
constructor,4,13,-0.3824792504310608
constructor,5,13,-0.031158428639173508
constructor,6,13,1.6453235149383545
constructor,9,13,0.9625571966171265
constructor,10,13,0.43875789642333984
constructor,15,13,-0.13325218856334686
constructor,131,13,0.8851546049118042
constructor,164,13,-0.8797568082809448
constructor,166,13,-0.5654385089874268
constructor,205,13,-0.49790048599243164
constructor,206,13,-0.5008403062820435
constructor,207,13,-1.186385989189148
constructor,208,13,0.21171656250953674
constructor,209,13,-0.8591465950012207
constructor,210,13,0.07103359699249268
